workload,strategy,effective_strategy,workers,repeat,step,status,mode,active_workers,iteration_time_s,compute_time_s,max_compute_time_s,comm_time_s,comm_fraction,local_loss,val_loss,throughput_samples_s,worker_cv,straggler_impact,mode_switched,switch_reason,failure_step,recovery_step
homogeneous_high_bw,sync_ps,sync_ps,2,0,0,success,ps,2,0.010822114511735844,0.00013129999570082873,0.0001483999949414283,0.010673714516794415,0.9862873383218688,1.0926475065786467,0.9725930562724765,5913.816558732249,0.13023609802186417,0.0,0,,,
homogeneous_high_bw,sync_ps,sync_ps,2,0,1,success,ps,2,0.010776936579489997,8.040000102482736e-05,8.279999019578099e-05,0.010694136589294216,0.9923169270242008,0.9375037117951293,0.8768870508644068,5938.6078342337905,0.029850610827254948,0.0,0,,,
homogeneous_high_bw,sync_ps,sync_ps,2,0,2,success,ps,2,0.01070740000389982,6.474999827332795e-05,6.740000389982015e-05,0.01064,0.9937052875697862,0.8569803085922729,0.8185615160436657,5977.174662073901,0.0409267282815832,0.0,0,,,
homogeneous_high_bw,sync_ps,sync_ps,2,0,3,success,ps,2,0.010818077928895572,8.555000385968015e-05,9.300000965595245e-05,0.01072507791923962,0.9914032778958316,0.8224002400870806,0.7853966303126214,5916.023199375661,0.08708363966187813,0.0,0,,,
homogeneous_high_bw,sync_ps,sync_ps,2,0,4,success,ps,2,0.010769954564794838,7.935000030556694e-05,9.050000517163426e-05,0.010679454559623203,0.9915969928538544,0.7400686070595106,0.7427087948319147,5942.457752719328,0.14051675718479253,0.0,0,,,
homogeneous_high_bw,sync_ps,sync_ps,2,0,5,success,ps,2,0.01080636722295762,5.7999997807201e-05,6.78999931551516e-05,0.010738467229802469,0.9937166679833995,0.7317616705370877,0.7222674650209421,5922.434309287121,0.17068957847498217,0.0,0,,,
homogeneous_high_bw,sync_ps,sync_ps,2,0,6,success,ps,2,0.010800811652253764,5.5300006351899356e-05,5.5800002883188426e-05,0.010745011649370575,0.9948337213276426,0.6885526115919823,0.7127150951421569,5925.480608361999,0.009041527392706535,0.0,0,,,
homogeneous_high_bw,sync_ps,sync_ps,2,0,7,success,ps,2,0.010816322207468365,6.304999988060445e-05,6.890000076964498e-05,0.01074742220669872,0.9936299973828376,0.661828557286776,0.6850559154634943,5916.983497016186,0.09278351795931723,0.0,0,,,
homogeneous_high_bw,sync_ps,sync_ps,2,0,8,success,ps,2,0.01070599999323953,5.3800002206116915e-05,6.599999323952943e-05,0.01064,0.9938352332074345,0.6953283748834349,0.6684227612420053,5977.956289969531,0.2267656190776102,0.0,0,,,
homogeneous_high_bw,sync_ps,sync_ps,2,0,9,success,ps,2,0.010709899993832223,6.419999408535659e-05,6.989999383222312e-05,0.01064,0.9934733289879011,0.6340173052663935,0.6587672248095472,5975.779422483615,0.08878504958276298,0.0,0,,,
homogeneous_high_bw,sync_ps,sync_ps,2,0,10,success,ps,2,0.011064937759605459,6.615000165766105e-05,7.20999960321933e-05,0.010992837763573265,0.9934839221332625,0.5623394873107995,0.6503842761039313,5784.036150085135,0.08994700129226925,0.0,0,,,
homogeneous_high_bw,sync_ps,sync_ps,2,0,11,success,ps,2,0.010955564869069918,5.199999577598646e-05,5.3800002206116915e-05,0.0109017648668638,0.9950892534662447,0.650400250629299,0.6411501157400095,5841.780023655991,0.03461551041791012,0.0,0,,,
homogeneous_high_bw,sync_ps,sync_ps,2,0,12,success,ps,2,0.010705900007029995,5.249999958323315e-05,6.590000702999532e-05,0.01064,0.9938445149883034,0.5361802791580008,0.6320967848063042,5978.012120230396,0.255238234245691,0.0,0,,,
homogeneous_high_bw,sync_ps,sync_ps,2,0,13,success,ps,2,0.010733824088838948,5.029999738326296e-05,5.4799995268695056e-05,0.010679024093570253,0.9948946438086612,0.47324065500634027,0.6244236936810168,5962.46030029012,0.08946318151233665,0.0,0,,,
homogeneous_high_bw,sync_ps,sync_ps,2,0,14,success,ps,2,0.01103643363577213,6.289999873843044e-05,6.86999992467463e-05,0.010967733636525383,0.9937751631084818,0.5772313959890242,0.6176683412838767,5798.974751459414,0.09220986538052711,0.0,0,,,
homogeneous_high_bw,sync_ps,sync_ps,2,0,15,success,ps,2,0.01070520000169985,5.1949995395261794e-05,6.520000169984996e-05,0.01064,0.9939095017664783,0.5417246324752047,0.613869809911268,5978.40301814423,0.25505307457146736,0.0,0,,,
homogeneous_high_bw,sync_ps,sync_ps,2,0,16,success,ps,2,0.010952427337900934,5.989999772282317e-05,6.550000398419797e-05,0.010886927333916736,0.9940195901818463,0.46416277056747196,0.6091969788635175,5843.453512677291,0.09348925510479318,0.0,0,,,
homogeneous_high_bw,sync_ps,sync_ps,2,0,17,success,ps,2,0.010709200003053993,6.669999856967479e-05,6.920000305399299e-05,0.01064,0.9935382658803403,0.5589407459673357,0.6051605940048385,5976.170020332875,0.037481326843288705,0.0,0,,,
homogeneous_high_bw,sync_ps,sync_ps,2,0,18,success,ps,2,0.01078669771004379,5.955000233370811e-05,6.790000770706683e-05,0.010718797702336724,0.9937052089960913,0.6062086683121471,0.6072007423488046,5933.233851580715,0.1402183863293292,0.0,0,,,
homogeneous_high_bw,sync_ps,sync_ps,2,0,19,success,ps,2,0.01091961556564622,4.400000034365803e-05,4.880000778939575e-05,0.010870815557856824,0.9955309774876211,0.5953141222273137,0.6150776561374616,5861.0121954611595,0.10909107498083229,0.0,0,,,
homogeneous_high_bw,sync_ps,sync_ps,2,0,20,success,ps,2,0.011236944745058946,4.930000432068482e-05,5.560000136028975e-05,0.011181344743698656,0.9950520357070601,0.6265056631244482,0.6049925648719066,5695.4983273493235,0.12778897281298346,0.0,0,,,
homogeneous_high_bw,sync_ps,sync_ps,2,0,21,success,ps,2,0.010694700009059161,5.040000542066991e-05,5.470000905916095e-05,0.01064,0.9948853161834529,0.7638874615722159,0.6016959506560161,5984.272578547085,0.08531752164078155,0.0,0,,,
homogeneous_high_bw,sync_ps,sync_ps,2,0,22,success,ps,2,0.01070299999949988,5.2900002629030496e-05,6.299999949987978e-05,0.01064,0.9941137999156476,0.4463675570145913,0.5951930391800487,5979.631879191866,0.19092620374238686,0.0,0,,,
homogeneous_high_bw,sync_ps,sync_ps,2,0,23,success,ps,2,0.010914140507482637,5.25499926880002e-05,5.649999366141856e-05,0.010857640513821218,0.994823230136841,0.5800878540649417,0.593230389326204,5863.952361262179,0.07516653563976237,0.0,0,,,
homogeneous_high_bw,sync_ps,sync_ps,2,0,24,success,ps,2,0.010753159490717165,5.914999928791076e-05,5.980000423733145e-05,0.010693359486479833,0.9944388433660866,0.5836979433540677,0.5896311499920726,5951.73911958146,0.010989094611273236,0.0,0,,,
homogeneous_high_bw,sync_ps,sync_ps,2,0,25,success,ps,2,0.010822799994945526,0.0001690499993856065,0.00018279999494552612,0.01064,0.9831097317671122,0.7368379905869111,0.5841223744573151,5913.441995591653,0.08133685612869332,0.0,0,,,
homogeneous_high_bw,sync_ps,sync_ps,2,0,26,success,ps,2,0.01081699999443721,0.00016744999447837472,0.00017699999443721026,0.01064,0.9836368683989799,0.45215432849962156,0.5822482968123384,5916.612742249503,0.05703195112996509,0.0,0,,,
homogeneous_high_bw,sync_ps,sync_ps,2,0,27,success,ps,2,0.011241008394948425,0.00014884999836795032,0.00015899998834356666,0.011082008406604858,0.9858553625478103,0.4738208024911175,0.5816784436261602,5693.4393918574815,0.06818938541293527,0.0,0,,,
homogeneous_high_bw,sync_ps,sync_ps,2,0,28,success,ps,2,0.01088714308967451,0.00015339999663410708,0.00015999999595806003,0.01072714309371645,0.9853037665951313,0.4738754796747525,0.579440850400652,5878.493510450719,0.04302476809481706,0.0,0,,,
homogeneous_high_bw,sync_ps,sync_ps,2,0,29,success,ps,2,0.011391859395034922,0.00014704999921377748,0.0001497999910498038,0.011242059403985118,0.9868502598342205,0.5749128220031334,0.5826585209063038,5618.04686844134,0.018701066521784725,0.0,0,,,
homogeneous_high_bw,sync_ps,sync_ps,2,0,30,success,ps,2,0.010794195617037362,0.00011565000022528693,0.00012319999223109335,0.010670995624806268,0.988586459185839,0.49683503145451613,0.5777771191913056,5929.112485138176,0.06528311219901316,0.0,0,,,
homogeneous_high_bw,sync_ps,sync_ps,2,0,31,success,ps,2,0.010765599995953962,0.00011665000056382269,0.0001255999959539622,0.01064,0.9883332098534995,0.6603702745775488,0.5768424727335931,5944.861412652628,0.07672520591645866,0.0,0,,,
homogeneous_high_bw,sync_ps,sync_ps,2,0,32,success,ps,2,0.010778699993840419,0.00012659999629249796,0.00013869999384041876,0.01064,0.9871320294729717,0.445321221116456,0.5753433130980308,5937.636267506597,0.09557660194861484,0.0,0,,,
homogeneous_high_bw,sync_ps,sync_ps,2,0,33,success,ps,2,0.010810774340495969,0.00014075000217417255,0.00015070001245476305,0.010660074328041206,0.9860602018219677,0.4555461143575244,0.5727281000596365,5920.01997121178,0.07069278903161204,0.0,0,,,
homogeneous_high_bw,sync_ps,sync_ps,2,0,34,success,ps,2,0.010811370955403557,0.00015895000251475722,0.0001680999994277954,0.010643270955975762,0.984451555670303,0.5455018918095618,0.5731908852885333,5919.693280713173,0.05756525140428004,0.0,0,,,
homogeneous_high_bw,sync_ps,sync_ps,2,0,35,success,ps,2,0.010812861440430739,9.380000119563192e-05,0.0001019000046653673,0.010710961435765371,0.9905760371362616,0.5867533942867866,0.5730143565022827,5918.877288179743,0.08635397953234361,0.0,0,,,
homogeneous_high_bw,sync_ps,sync_ps,4,0,0,success,ps,4,0.019701581369492887,0.0001916999972308986,0.0003710999881150201,0.019330481381377867,0.9811639491696005,1.10244151696453,0.979056068240608,6496.9404028756235,0.5409887394938035,0.0,0,,,
homogeneous_high_bw,sync_ps,sync_ps,4,0,1,success,ps,4,0.019492518515824467,0.00016055000014603138,0.0001816000003600493,0.019310918515464418,0.9906836050860938,0.9844538342395069,0.893159167550942,6566.621952729542,0.11040119195289215,0.0,0,,,
homogeneous_high_bw,sync_ps,sync_ps,4,0,2,success,ps,4,0.019555493349770383,0.0001438750041415915,0.00017660000594332814,0.019378893343827055,0.9909692891514086,0.8704849766984873,0.8270456980061448,6545.475366465401,0.13442067355895326,0.0,0,,,
homogeneous_high_bw,sync_ps,sync_ps,4,0,3,success,ps,4,0.01956844912233894,0.00015102500037755817,0.00017829998978413641,0.019390149132554803,0.9908883944420208,0.8353029770885336,0.7734846267837311,6541.141773666562,0.12467390906519232,0.0,0,,,
homogeneous_high_bw,sync_ps,sync_ps,4,0,4,success,ps,4,0.019481168895426445,0.0001312749991484452,0.00015020000864751637,0.01933096888677893,0.9922899899151956,0.7596213039000319,0.7321051490148175,6570.447630072665,0.12515067740039407,0.0,0,,,
homogeneous_high_bw,sync_ps,sync_ps,4,0,5,success,ps,4,0.019511316022064493,0.00013440000111586414,0.00016999999934341758,0.019341316022721076,0.9912871074841302,0.6974846825538099,0.6978588296258148,6560.295566698341,0.17025931630771238,0.0,0,,,
homogeneous_high_bw,sync_ps,sync_ps,4,0,6,success,ps,4,0.01943890000213403,0.0001246250030817464,0.00015890000213403255,0.01928,0.9918256690390614,0.7156794921591842,0.6748726806207291,6584.7347322095375,0.18314528364875887,0.0,0,,,
homogeneous_high_bw,sync_ps,sync_ps,4,0,7,success,ps,4,0.019613943150307855,0.00015470000289496966,0.00016450000111944973,0.019449443149188405,0.991613109110247,0.6860793920939594,0.6533379211398576,6525.969766461312,0.03688233479613355,0.0,0,,,
homogeneous_high_bw,sync_ps,sync_ps,4,0,8,success,ps,4,0.01951160759436582,0.00010157500219065696,0.0001500000071246177,0.019361607587241203,0.9923122681511937,0.6662613399217656,0.6334927272721484,6560.197532722077,0.2805691046755616,0.0,0,,,
homogeneous_high_bw,sync_ps,sync_ps,4,0,9,success,ps,4,0.0193790999978967,7.230000119307078e-05,9.90999978967011e-05,0.01928,0.9948862435351767,0.6544099288950478,0.6185830575524556,6605.053898988725,0.23286675790917982,0.0,0,,,
homogeneous_high_bw,sync_ps,sync_ps,4,0,10,success,ps,4,0.019364900006186216,6.0450001910794526e-05,8.490000618621707e-05,0.01928,0.9956157787461285,0.6238119230327639,0.6060379125169776,6609.897286281352,0.2520901615074246,0.0,0,,,
homogeneous_high_bw,sync_ps,sync_ps,4,0,11,success,ps,4,0.0195640826567167,0.00010209999891230837,0.0001466999965487048,0.019417382660167994,0.9925015652855903,0.5851404461895112,0.593703811886526,6542.601677061271,0.3588752233211888,0.0,0,,,
homogeneous_high_bw,sync_ps,sync_ps,4,0,12,success,ps,4,0.01941150001177564,0.00011190000441274606,0.00013150001177564263,0.01928,0.9932256645959421,0.5902083192354669,0.5844700439387166,6594.029308520778,0.19305019935616347,0.0,0,,,
homogeneous_high_bw,sync_ps,sync_ps,4,0,13,success,ps,4,0.019667671970057723,8.562499715480953e-05,0.0001053000014508143,0.01956237196860691,0.9946460363173066,0.546116017834612,0.5730868637624372,6508.141898790492,0.17899765946946386,0.0,0,,,
homogeneous_high_bw,sync_ps,sync_ps,4,0,14,success,ps,4,0.019387599989860317,8.132499715429731e-05,0.0001075999898603186,0.01928,0.9944500613837405,0.5633100788822991,0.5616115626079172,6602.158083875456,0.19382901685633225,0.0,0,,,
homogeneous_high_bw,sync_ps,sync_ps,4,0,15,success,ps,4,0.01943219999477267,0.00010579999434412457,0.00015219999477267265,0.01928,0.992167639546031,0.517158320048522,0.5529790534849505,6587.005075824273,0.25366849824585297,0.0,0,,,
homogeneous_high_bw,sync_ps,sync_ps,4,0,16,success,ps,4,0.01945610000213608,0.00016030000188038684,0.00017610000213608146,0.01928,0.990948853978097,0.5177794998049549,0.545710593849448,6578.913553381557,0.08921970574150634,0.0,0,,,
homogeneous_high_bw,sync_ps,sync_ps,4,0,17,success,ps,4,0.019502890734963557,0.0001734749966999516,0.00019389999215491116,0.019308990742808646,0.9900578845059467,0.5298622390586183,0.541283815578911,6563.129627267493,0.08826150298667301,0.0,0,,,
homogeneous_high_bw,sync_ps,sync_ps,4,0,18,success,ps,4,0.019495390143015587,0.00011715000437106937,0.00013939999917056412,0.019355990143845023,0.9928495917164035,0.526867881162671,0.5361504574066127,6565.6547040612695,0.18266429763967357,0.0,0,,,
homogeneous_high_bw,sync_ps,sync_ps,4,0,19,success,ps,4,0.0198181879315404,7.61500014050398e-05,0.00011249999806750566,0.019705687933472896,0.9943233963439986,0.608778956980067,0.53197530492303,6458.713603996538,0.28816456761766646,0.0,0,,,
homogeneous_high_bw,sync_ps,sync_ps,4,0,20,success,ps,4,0.019456400004420428,0.00011962500502704643,0.00017640000442042947,0.01928,0.9909335743313074,0.6046693654557238,0.5275991883222508,6578.81211174312,0.33533058705811747,0.0,0,,,
homogeneous_high_bw,sync_ps,sync_ps,4,0,21,success,ps,4,0.01941739999849349,0.00010494999514776282,0.0001373999984934926,0.01928,0.9929238724801388,0.5249482343207268,0.5256428559740131,6592.0257094117105,0.22139879915079697,0.0,0,,,
homogeneous_high_bw,sync_ps,sync_ps,4,0,22,success,ps,4,0.019511157949524207,7.60750044719316e-05,0.00011480000102892518,0.019396357948495282,0.9941161871926866,0.47000406033747244,0.5205771219144552,6560.348715905986,0.30604860064379824,0.0,0,,,
homogeneous_high_bw,sync_ps,sync_ps,4,0,23,success,ps,4,0.019420799995278938,9.632499495637603e-05,0.0001407999952789396,0.01928,0.9927500414342784,0.5185548526157904,0.5144014605270396,6590.871644376952,0.3289282737525683,0.0,0,,,
homogeneous_high_bw,sync_ps,sync_ps,4,0,24,success,ps,4,0.01960607019188329,0.00010009999823523685,0.00011989999620709568,0.019486170195676195,0.9938845472328905,0.55423726692511,0.5091927073958634,6528.590316533227,0.2209272004738688,0.0,0,,,
homogeneous_high_bw,sync_ps,sync_ps,4,0,25,success,ps,4,0.01937856483036347,6.362500062095933e-05,7.639999967068434e-05,0.019302164830692786,0.9960574995961013,0.5064967651119695,0.5056777392970507,6605.2363072544,0.14156021869122493,0.0,0,,,
homogeneous_high_bw,sync_ps,sync_ps,4,0,26,success,ps,4,0.01940480000441428,9.125000360654667e-05,0.00012480000441428274,0.01928,0.9935686013570925,0.517971631997383,0.49959474043223306,6596.306067101029,0.30141717745198326,0.0,0,,,
homogeneous_high_bw,sync_ps,sync_ps,4,0,27,success,ps,4,0.019371099995188414,7.237499812617898e-05,9.109999518841505e-05,0.01928,0.99529711811869,0.4414545491232664,0.49544347283314755,6607.781697053544,0.1520909309882137,0.0,0,,,
homogeneous_high_bw,sync_ps,sync_ps,4,0,28,success,ps,4,0.019618740527250336,6.262499664444476e-05,8.600000001024455e-05,0.01953274052724009,0.995616436239075,0.4525256760228059,0.4896826695063852,6524.373968971587,0.231978051587514,0.0,0,,,
homogeneous_high_bw,sync_ps,sync_ps,4,0,29,success,ps,4,0.019571140298105315,6.162500358186662e-05,7.959999493323267e-05,0.019491540303172083,0.9959327870670398,0.46958118056558984,0.4857636702618168,6540.242318552675,0.24331125715114924,0.0,0,,,
homogeneous_high_bw,sync_ps,sync_ps,4,0,30,success,ps,4,0.01935539999205619,6.42749982944224e-05,7.539999205619097e-05,0.01928,0.99610444671321,0.48608912584840874,0.4805266974112244,6613.141554942473,0.14454590664128214,0.0,0,,,
homogeneous_high_bw,sync_ps,sync_ps,4,0,31,success,ps,4,0.019445145718893324,7.392499901470728e-05,0.00010010000551119447,0.01934504571338213,0.9948521853752973,0.49090490049093266,0.4778768896776029,6582.6197371014005,0.25010260228303505,0.0,0,,,
homogeneous_high_bw,sync_ps,sync_ps,4,0,32,success,ps,4,0.01936890000754036,7.652500062249601e-05,8.890000754036009e-05,0.01928,0.9954101674588773,0.4079071677229775,0.4768377512958025,6608.532232092132,0.10685284791087415,0.0,0,,,
homogeneous_high_bw,sync_ps,sync_ps,4,0,33,success,ps,4,0.019687579303936987,9.440000212634914e-05,0.00013410000246949494,0.019553479301467492,0.9931885987403907,0.5141016989719988,0.4761317066164095,6501.561112411796,0.2605738424613024,0.0,0,,,
homogeneous_high_bw,sync_ps,sync_ps,4,0,34,success,ps,4,0.019597646208857435,7.47499980207067e-05,9.639999188948423e-05,0.01950124621696795,0.995081042342426,0.5141728503882992,0.47592940542858553,6531.396609361617,0.19846837586076627,0.0,0,,,
homogeneous_high_bw,sync_ps,sync_ps,4,0,35,success,ps,4,0.019382499994682147,7.099999857018702e-05,0.0001024999946821481,0.01928,0.994711724766657,0.562279993879137,0.47396207479734576,6603.895268160379,0.28114205919188046,0.0,0,,,
homogeneous_high_bw,async_ps_ssp,async_ps_ssp,2,0,0,success,ps,2,0.007050249996335712,0.00013424999633571133,0.0001564999984111637,0.01064,1.5091663424034638,1.0778696774260619,0.9679758508206616,9077.692285133617,0.16573558671895572,0.0,0,,,
homogeneous_high_bw,async_ps_ssp,async_ps_ssp,2,0,1,success,ps,2,0.007037524198566483,8.494999929098412e-05,9.410000347997993e-05,0.010696267998885383,1.5198907594611428,0.976100997328583,0.9003875102137785,9094.107273270414,0.10771046683524159,0.0,0,,,
homogeneous_high_bw,async_ps_ssp,async_ps_ssp,2,0,2,success,ps,2,0.0070290240093858584,6.135000148788095e-05,6.70000008540228e-05,0.010719498473689196,1.525033697334857,0.8952135018406339,0.8455684493582704,9105.10476483517,0.09209452546082544,0.0,0,,,
homogeneous_high_bw,async_ps_ssp,async_ps_ssp,2,0,3,success,ps,2,0.006993700002293568,7.77000022935681e-05,8.72999953571707e-05,0.01064,1.5213692318101486,0.842198009130145,0.8016233875453487,9151.093123670065,0.12355202904344369,0.0,0,,,
homogeneous_high_bw,async_ps_ssp,async_ps_ssp,2,0,4,success,ps,2,0.007020303952643383,6.525000208057463e-05,7.110000296961516e-05,0.010700083000865859,1.5241623543716956,0.7588197729094224,0.76714783887568,9116.414393411247,0.08965518180614639,0.0,0,,,
homogeneous_high_bw,async_ps_ssp,async_ps_ssp,2,0,5,success,ps,2,0.007029436320708381,5.3649993787985295e-05,6.58999924780801e-05,0.010731978964492916,1.526719707649534,0.7535945493560731,0.7348973469965474,9104.57070525827,0.22833177782224384,0.0,0,,,
homogeneous_high_bw,async_ps_ssp,async_ps_ssp,2,0,6,success,ps,2,0.007089300208316738,7.004999497439712e-05,7.129998994059861e-05,0.010798846482065139,1.523259865536035,0.740311924098424,0.7122353345538998,9027.689351470695,0.017844326024777365,0.0,0,,,
homogeneous_high_bw,async_ps_ssp,async_ps_ssp,2,0,7,success,ps,2,0.0069880500029274265,7.205000292742625e-05,7.850000110920519e-05,0.01064,1.5225992938720676,0.7455962704771619,0.690677245224781,9158.491993215444,0.0895211357417249,0.0,0,,,
homogeneous_high_bw,async_ps_ssp,async_ps_ssp,2,0,8,success,ps,2,0.006977700004152954,6.170000415295362e-05,6.439999560825527e-05,0.01064,1.524857760245831,0.7332959094214085,0.6760480067118396,9172.076753358382,0.04375998751715488,0.0,0,,,
homogeneous_high_bw,async_ps_ssp,async_ps_ssp,2,0,9,success,ps,2,0.006975126226671437,5.850000161444768e-05,6.040000880602747e-05,0.010640963423164599,1.525558545804628,0.6043538362952412,0.6599058969411619,9175.461191695322,0.0324787539600989,0.0,0,,,
homogeneous_high_bw,async_ps_ssp,async_ps_ssp,2,0,10,success,ps,2,0.0071027791595102445,7.584999548271298e-05,8.199999865610152e-05,0.010810660252350049,1.5220324340050961,0.623074326980054,0.6444771394946854,9010.55749625939,0.08108112667863066,0.0,0,,,
homogeneous_high_bw,async_ps_ssp,async_ps_ssp,2,0,11,success,ps,2,0.006985949994212948,6.994999421294779e-05,7.529999129474163e-05,0.01064,1.5230569942261267,0.6463208749273799,0.6305180517642934,9161.24507805189,0.0764831658030415,0.0,0,,,
homogeneous_high_bw,async_ps_ssp,async_ps_ssp,2,0,12,success,ps,2,0.007111971247977616,5.0300004659220576e-05,5.6200005928985775e-05,0.010864109605105223,1.5275806420329072,0.57694300140953,0.6228036797071773,8998.911520937216,0.11729623471093306,0.0,0,,,
homogeneous_high_bw,async_ps_ssp,async_ps_ssp,2,0,13,success,ps,2,0.007011255699427363,6.100000609876588e-05,6.380000559147447e-05,0.01069270106665938,1.525076466335794,0.6751446346736907,0.6194007553349604,9128.179422300505,0.04590162568629015,0.0,0,,,
homogeneous_high_bw,async_ps_ssp,async_ps_ssp,2,0,14,success,ps,2,0.007089209977140093,6.269999721553177e-05,6.319998647086322e-05,0.010810015353730093,1.5248547283248952,0.5883807034672095,0.6096723261380852,9027.804255534082,0.007974310519319945,0.0,0,,,
homogeneous_high_bw,async_ps_ssp,async_ps_ssp,2,0,15,success,ps,2,0.007088751835816203,4.1999992390628904e-05,4.2799991206265986e-05,0.01084115668219319,1.5293463409761097,0.6000214433938953,0.6024019639605884,9028.387716528237,0.01904759384594519,0.0,0,,,
homogeneous_high_bw,async_ps_ssp,async_ps_ssp,2,0,16,success,ps,2,0.007007365721959089,3.824999294010922e-05,4.049998824484646e-05,0.010721716506183044,1.5300637831109967,0.6274133510468017,0.5946109492619975,9133.246720581777,0.058823415979103684,0.0,0,,,
homogeneous_high_bw,async_ps_ssp,async_ps_ssp,2,0,17,success,ps,2,0.007030455961232705,5.485000292537734e-05,6.320000102277845e-05,0.010731701474318966,1.526458814833013,0.5699958854832814,0.5906971581251338,9103.250251890971,0.1522333181372451,0.0,0,,,
homogeneous_high_bw,async_ps_ssp,async_ps_ssp,2,0,18,success,ps,2,0.0070990512068261,6.204999954206869e-05,6.690000009257346e-05,0.010826155703513893,1.5250144544814654,0.5809659041860578,0.586070162721059,9015.289245760157,0.07816278014722286,0.0,0,,,
homogeneous_high_bw,async_ps_ssp,async_ps_ssp,2,0,19,success,ps,2,0.006960699991121888,4.469999112188816e-05,4.859999171458185e-05,0.01064,1.5285818974486647,0.5694161421311201,0.5813923251125371,9194.477578638585,0.08724835078402576,0.0,0,,,
homogeneous_high_bw,async_ps_ssp,async_ps_ssp,2,0,20,success,ps,2,0.007090889324625036,5.8400000852998346e-05,5.9600002714432776e-05,0.010819214344264673,1.5257908915165292,0.6313603917900874,0.5768971163962516,9025.66618516279,0.020547976427381223,0.0,0,,,
homogeneous_high_bw,async_ps_ssp,async_ps_ssp,2,0,21,success,ps,2,0.0069758999977228234,5.989999772282317e-05,6.029999349266291e-05,0.01064,1.5252512225624315,0.6359956335149692,0.5726543280746644,9174.44344398455,0.0066777258492215445,0.0,0,,,
homogeneous_high_bw,async_ps_ssp,async_ps_ssp,2,0,22,success,ps,2,0.007005488070135998,4.159999662078917e-05,4.400000034365803e-05,0.010713673959254167,1.5293258445369362,0.5445776687947997,0.5684523743672311,9135.694666704008,0.05769240048392413,0.0,0,,,
homogeneous_high_bw,async_ps_ssp,async_ps_ssp,2,0,23,success,ps,2,0.006952999997973908,3.699999797390774e-05,3.7999998312443495e-05,0.01064,1.530274702013588,0.5469405390142696,0.5656953591648072,9204.659861735867,0.02702703692616187,0.0,0,,,
homogeneous_high_bw,async_ps_ssp,async_ps_ssp,2,0,24,success,ps,2,0.007113556725304679,5.494999641086906e-05,6.510000093840063e-05,0.010859394967528939,1.5265774052098842,0.6199297806735431,0.5655521989614236,8996.905833664921,0.18471346689315588,0.0,0,,,
homogeneous_high_bw,async_ps_ssp,async_ps_ssp,2,0,25,success,ps,2,0.006970899996030145,5.4899996030144393e-05,5.629999213851988e-05,0.01064,1.5263452360612504,0.4198376153241393,0.5621633547422543,9181.023976308272,0.025500841240606666,0.0,0,,,
homogeneous_high_bw,async_ps_ssp,async_ps_ssp,2,0,26,success,ps,2,0.007034254050537017,4.0700004319660366e-05,4.3100008042529225e-05,0.010759313917257471,1.5295600414710742,0.563844855704178,0.5617561847356979,9098.33502460919,0.05896814273165523,0.0,0,,,
homogeneous_high_bw,async_ps_ssp,async_ps_ssp,2,0,27,success,ps,2,0.006975049991250504,5.904999125050381e-05,6.58999924780801e-05,0.01064,1.5254370955544125,0.5143510908112919,0.5635874194513453,9175.561477019024,0.11600342297280897,0.0,0,,,
homogeneous_high_bw,async_ps_ssp,async_ps_ssp,2,0,28,success,ps,2,0.006977350001487881,6.135000148788095e-05,6.310000026132911e-05,0.01064,1.5249342512173074,0.49204265716449697,0.5599484789872797,9172.536849427412,0.028524836226271767,0.0,0,,,
homogeneous_high_bw,async_ps_ssp,async_ps_ssp,2,0,29,success,ps,2,0.006977649996496272,6.164999649627134e-05,6.209999264683574e-05,0.01064,1.5248686886477145,0.5377197803546463,0.5584765481943319,9172.142488106554,0.007299207929272318,0.0,0,,,
homogeneous_high_bw,async_ps_ssp,async_ps_ssp,2,0,30,success,ps,2,0.006957799998143688,4.1799998143687844e-05,4.2499988921917975e-05,0.01064,1.5292190064156352,0.47062412701712175,0.5547702844173836,9198.309813026377,0.01674619120981095,0.0,0,,,
homogeneous_high_bw,async_ps_ssp,async_ps_ssp,2,0,31,success,ps,2,0.00698255204273813,3.789999755099416e-05,3.850000211969018e-05,0.01068408006951867,1.5301110545434657,0.6525581476625455,0.5533210667853746,9165.703256957482,0.015831255715978997,0.0,0,,,
homogeneous_high_bw,async_ps_ssp,async_ps_ssp,2,0,32,success,ps,2,0.007077287839399445,5.8550009271129966e-05,6.830001075286418e-05,0.010798058200197407,1.5257339315894907,0.557820216006519,0.54781549464839,9043.012161199711,0.16652433426714153,0.0,0,,,
homogeneous_high_bw,async_ps_ssp,async_ps_ssp,2,0,33,success,ps,2,0.007036453091344637,5.310000415192917e-05,5.880001117475331e-05,0.010743620134142628,1.526851667263736,0.42203677853432653,0.5477962415262697,9095.4916019727,0.10734475461001065,0.0,0,,,
homogeneous_high_bw,async_ps_ssp,async_ps_ssp,2,0,34,success,ps,2,0.006955199992897921,3.919999289792031e-05,3.929999365936965e-05,0.01064,1.5297906617875394,0.6275455630218443,0.5499367313296257,9201.748341579185,0.002551040229999688,0.0,0,,,
homogeneous_high_bw,async_ps_ssp,async_ps_ssp,2,0,35,success,ps,2,0.0070370495001634776,6.049999501556158e-05,6.340000254567713e-05,0.010733153084842947,1.5252348423289628,0.5383273190262676,0.5470616547696567,9094.720734664892,0.04793401191910188,0.0,0,,,
homogeneous_high_bw,async_ps_ssp,async_ps_ssp,4,0,0,success,ps,4,0.01281139835206017,0.00015247500050463714,0.00019580000662244856,0.01947526669470082,1.5201515212872174,1.0921386115790774,1.0506382537292747,9991.102960233582,0.18642761897435198,0.0,0,,,
homogeneous_high_bw,async_ps_ssp,async_ps_ssp,4,0,1,success,ps,4,0.012728622251374168,0.00013157500507077202,0.00017850000585895032,0.01938007268662061,1.522558553776577,1.0582549168530855,1.0194647693161345,10056.076570752288,0.2791707434141315,0.0,0,,,
homogeneous_high_bw,async_ps_ssp,async_ps_ssp,4,0,2,success,ps,4,0.012626200004241429,9.420000424142927e-05,0.00011570000788196921,0.01928,1.5269835733255774,1.0218163000309952,0.9871352876175857,10137.650279339934,0.19723667175823986,0.0,0,,,
homogeneous_high_bw,async_ps_ssp,async_ps_ssp,4,0,3,success,ps,4,0.012781545891240892,6.0275004216236994e-05,8.870000601746142e-05,0.01957118598003793,1.5312064868029722,0.9827542169183703,0.9551388370538646,10014.43808825328,0.2902680683987724,0.0,0,,,
homogeneous_high_bw,async_ps_ssp,async_ps_ssp,4,0,4,success,ps,4,0.012682163968575456,8.027500007301569e-05,0.0001260999997612089,0.019387521490003754,1.5287234527201503,0.9598601610693392,0.9297298139608121,10092.914767319304,0.33827416726320064,0.0,0,,,
homogeneous_high_bw,async_ps_ssp,async_ps_ssp,4,0,5,success,ps,4,0.012885715681803862,8.602500383858569e-05,0.00010660001134965569,0.01969183181225427,1.5281907732964681,0.9096122616419222,0.9031961609684497,9933.480076760578,0.2152647952526125,0.0,0,,,
homogeneous_high_bw,async_ps_ssp,async_ps_ssp,4,0,6,success,ps,4,0.012737088659375385,6.037500497768633e-05,7.530000584665686e-05,0.019502636391381074,1.5311690852544844,0.8837386258865918,0.878154639481764,10049.39224520378,0.19808845592342944,0.0,0,,,
homogeneous_high_bw,async_ps_ssp,async_ps_ssp,4,0,7,success,ps,4,0.012608050004281569,7.605000428156927e-05,0.00012209999840706587,0.01928,1.529181752408398,0.899428341406048,0.8620269149361542,10152.243999391854,0.35303509668808797,0.0,0,,,
homogeneous_high_bw,async_ps_ssp,async_ps_ssp,4,0,8,success,ps,4,0.012610724995546508,7.872499554650858e-05,0.00010409999231342226,0.01928,1.528857381856218,0.8412487303243493,0.8425137990053012,10150.090501949995,0.19245854396842882,0.0,0,,,
homogeneous_high_bw,async_ps_ssp,async_ps_ssp,4,0,9,success,ps,4,0.01273972552280588,7.419999747071415e-05,9.989998943638057e-05,0.019485423885131026,1.5295010752193527,0.8251666416084733,0.8276866256029263,10047.312225908023,0.22154747670781144,0.0,0,,,
homogeneous_high_bw,async_ps_ssp,async_ps_ssp,4,0,10,success,ps,4,0.012599299999500392,6.7299999500392e-05,8.339999476447701e-05,0.01928,1.5302437437607264,0.8144801231015288,0.8125067422955917,10159.294564386566,0.23410337939623244,0.0,0,,,
homogeneous_high_bw,async_ps_ssp,async_ps_ssp,4,0,11,success,ps,4,0.012855750942749072,6.837500041001476e-05,0.00010010000551119447,0.01967288606513701,1.5302790286422712,0.8087209040230771,0.80149707155595,9956.63346077771,0.2716306887246033,0.0,0,,,
homogeneous_high_bw,async_ps_ssp,async_ps_ssp,4,0,12,success,ps,4,0.012608950000220677,7.695000022067688e-05,9.590000263415277e-05,0.01928,1.5290726031638295,0.8142148380406485,0.7921759948813014,10151.519357104264,0.21384623135713998,0.0,0,,,
homogeneous_high_bw,async_ps_ssp,async_ps_ssp,4,0,13,success,ps,4,0.012690677996799172,5.177500133868307e-05,6.730000313837081e-05,0.01944446614686229,1.5321849748111607,0.819831841555546,0.7820810109188627,10086.143548223665,0.20275172209605313,0.0,0,,,
homogeneous_high_bw,async_ps_ssp,async_ps_ssp,4,0,14,success,ps,4,0.01286270593086761,7.914999878266826e-05,0.00011649999942164868,0.019667009126284527,1.528994694583518,0.8094759300816998,0.7742652969568103,9951.249813838058,0.35070255050493626,0.0,0,,,
homogeneous_high_bw,async_ps_ssp,async_ps_ssp,4,0,15,success,ps,4,0.012620025000877678,8.80250008776784e-05,0.00010739998833741993,0.01928,1.5277307294287565,0.7535400697624984,0.7653529703219994,10142.610651809173,0.2211581898690429,0.0,0,,,
homogeneous_high_bw,async_ps_ssp,async_ps_ssp,4,0,16,success,ps,4,0.012702662858431916,6.507499347208068e-05,7.989999721758068e-05,0.019442442869168977,1.530580090635347,0.763826018818937,0.7571101558227717,10076.627351802439,0.22367232973361595,0.0,0,,,
homogeneous_high_bw,async_ps_ssp,async_ps_ssp,4,0,17,success,ps,4,0.012595125000451691,6.312500045169145e-05,9.309999586548656e-05,0.01928,1.5307509849492222,0.7599379669244225,0.7505586493260652,10162.662140741724,0.27563981488621686,0.0,0,,,
homogeneous_high_bw,async_ps_ssp,async_ps_ssp,4,0,18,success,ps,4,0.012654965345833902,7.569999797851779e-05,0.00010089999705087394,0.019352715919777514,1.529258705251892,0.6981048744710049,0.74374983925637,10114.60691531158,0.20525145165746167,0.0,0,,,
homogeneous_high_bw,async_ps_ssp,async_ps_ssp,4,0,19,success,ps,4,0.012598400003561284,6.640000356128439e-05,8.070000330917537e-05,0.01928,1.530353060273525,0.7912170731125412,0.7384606804467045,10160.020317168632,0.19426254908200152,0.0,0,,,
homogeneous_high_bw,async_ps_ssp,async_ps_ssp,4,0,20,success,ps,4,0.012797097692505857,5.7299996115034446e-05,7.300000288523734e-05,0.019599688763678187,1.5315729577618225,0.7165812726660852,0.7327508490388351,10002.26794196925,0.24056576352593181,0.0,0,,,
homogeneous_high_bw,async_ps_ssp,async_ps_ssp,4,0,21,success,ps,4,0.012745220096051552,8.092499774647877e-05,0.00012469998910091817,0.019483530920469342,1.5286931707444822,0.6942575803155161,0.7248303579143995,10042.980743789132,0.31982787210890656,0.0,0,,,
homogeneous_high_bw,async_ps_ssp,async_ps_ssp,4,0,22,success,ps,4,0.012617349998698802,8.534999869880266e-05,0.00010869999823626131,0.01928,1.5280546233550072,0.7231619716617558,0.7202588034666775,10144.76098492951,0.1888741229582123,0.0,0,,,
homogeneous_high_bw,async_ps_ssp,async_ps_ssp,4,0,23,success,ps,4,0.012683867471819977,6.815000233473256e-05,9.06000059330836e-05,0.019408796106900376,1.5301954352662008,0.6981525308603223,0.7154072734216421,10091.559241247227,0.26499920476057465,0.0,0,,,
homogeneous_high_bw,async_ps_ssp,async_ps_ssp,4,0,24,success,ps,4,0.012599575001594377,6.757500159437768e-05,9.760000102687627e-05,0.01928,1.530210344202901,0.7510259790850893,0.7118987881233433,10159.072824583576,0.3061463276153168,0.0,0,,,
homogeneous_high_bw,async_ps_ssp,async_ps_ssp,4,0,25,success,ps,4,0.012620900000264402,8.890000026440248e-05,0.0001277999981539324,0.01928,1.5276248127784937,0.7469146019240757,0.7093285940348913,10141.907470728589,0.2762245464544227,0.0,0,,,
homogeneous_high_bw,async_ps_ssp,async_ps_ssp,4,0,26,success,ps,4,0.012631445798080834,7.515000106650405e-05,9.399998816661537e-05,0.019317378149252815,1.5293085572348188,0.7165939746210405,0.7050333015318647,10133.44014977666,0.20914944231922422,0.0,0,,,
homogeneous_high_bw,async_ps_ssp,async_ps_ssp,4,0,27,success,ps,4,0.012607100000685779,7.510000068577938e-05,0.00011419999646022916,0.01928,1.529296983362648,0.6928402360557937,0.7019828957992317,10153.009018175257,0.3246120897785975,0.0,0,,,
homogeneous_high_bw,async_ps_ssp,async_ps_ssp,4,0,28,success,ps,4,0.01279589934189543,9.087500075111166e-05,0.00012700000661425292,0.01954619129406818,1.5275355621211728,0.7430457280400056,0.6983243181281751,10003.204665803476,0.24351014836171564,0.0,0,,,
homogeneous_high_bw,async_ps_ssp,async_ps_ssp,4,0,29,success,ps,4,0.012751643994319075,8.115000309771858e-05,0.0001010000123642385,0.019493067678802087,1.528670945290376,0.6684706737881461,0.6939832399746868,10037.92138935377,0.22181917623160222,0.0,0,,,
homogeneous_high_bw,async_ps_ssp,async_ps_ssp,4,0,30,success,ps,4,0.012581149995902553,4.91499959025532e-05,6.0699996538460255e-05,0.01928,1.5324513264907529,0.7024832336158106,0.6906274490585769,10173.950715291307,0.14376995355088593,0.0,0,,,
homogeneous_high_bw,async_ps_ssp,async_ps_ssp,4,0,31,success,ps,4,0.01261367499981937,8.167499981936999e-05,9.929999941959977e-05,0.01928,1.5284998226350444,0.6754420642961634,0.6861150804561359,10147.716664796975,0.19846865328291313,0.0,0,,,
homogeneous_high_bw,async_ps_ssp,async_ps_ssp,4,0,32,success,ps,4,0.012592124999436084,6.012499943608418e-05,7.03999976394698e-05,0.01928,1.531115677525709,0.7465423359362803,0.6846624612222134,10165.083336270269,0.1532827349195743,0.0,0,,,
homogeneous_high_bw,async_ps_ssp,async_ps_ssp,4,0,33,success,ps,4,0.012579000001359265,4.70000013592653e-05,6.0999998822808266e-05,0.01928,1.532713252080184,0.7375325775042818,0.68218701772712,10175.689640366369,0.17621716007333266,0.0,0,,,
homogeneous_high_bw,async_ps_ssp,async_ps_ssp,4,0,34,success,ps,4,0.012948182618276804,0.00012067500574630685,0.0002699000033317134,0.019734627096200764,1.524123321240825,0.7569464278469049,0.6810355525691172,9885.557207026382,0.7164714976537023,1.0,0,,,
homogeneous_high_bw,async_ps_ssp,async_ps_ssp,4,0,35,success,ps,4,0.01261544999878318,8.344999878318049e-05,0.00011839999933727086,0.01928,1.528284762086144,0.6778296656554921,0.6762962572742147,10146.288876920458,0.26696043083110943,0.0,0,,,
homogeneous_high_bw,ring_allreduce,ring_allreduce,2,0,0,success,ring,2,0.0047069267475453504,0.00013154999760445207,0.00014910000027157366,0.0041600000000000005,0.8838038540050425,1.0749438547530517,0.9273889702139505,13596.982369308345,0.1334093717468701,0.0,0,,,
homogeneous_high_bw,ring_allreduce,ring_allreduce,2,0,1,success,ring,2,0.004334694942855535,7.095000182744116e-05,7.559999357908964e-05,0.0041600000000000005,0.9596984458748435,0.9274610100492076,0.8313044588351917,14764.591474997591,0.06553899318309851,0.0,0,,,
homogeneous_high_bw,ring_allreduce,ring_allreduce,2,0,2,success,ring,2,0.004429683447468455,7.254999945871532e-05,8.099999104160815e-05,0.0041600000000000005,0.939119024944643,0.8781642730037738,0.7729923437500167,14447.984999148353,0.11647128228071225,0.0,0,,,
homogeneous_high_bw,ring_allreduce,ring_allreduce,2,0,3,success,ring,2,0.004618909115067888,5.0549999286886305e-05,5.610000516753644e-05,0.00443962202510617,0.961184105273506,0.7483144887362876,0.7192054951203294,13856.085583329199,0.10979240057670023,0.0,0,,,
homogeneous_high_bw,ring_allreduce,ring_allreduce,2,0,4,success,ring,2,0.00439568139267867,5.0499998906161636e-05,5.8200006606057286e-05,0.0041600000000000005,0.9463834223583142,0.8107095601424015,0.6894766336772266,14559.744959358677,0.15247540028126122,0.0,0,,,
homogeneous_high_bw,ring_allreduce,ring_allreduce,2,0,5,success,ring,2,0.004410015323866616,7.179999374784529e-05,7.949999417178333e-05,0.0041600000000000005,0.9433073797921848,0.7174032594223706,0.6646742875718468,14512.421227572073,0.10724235358205388,0.0,0,,,
homogeneous_high_bw,ring_allreduce,ring_allreduce,2,0,6,success,ring,2,0.004293013977644036,5.759999476140365e-05,6.0999998822808266e-05,0.0041600000000000005,0.969016178764684,0.6650510304635695,0.6437008708556866,14907.941211764368,0.05902785263194195,0.0,0,,,
homogeneous_high_bw,ring_allreduce,ring_allreduce,2,0,7,success,ring,2,0.004476830882909531,4.794999404111877e-05,5.0399990868754685e-05,0.004374927313099657,0.9772375654843486,0.7259777725746415,0.6300320795784405,14295.827042366596,0.051094829635226394,0.0,0,,,
homogeneous_high_bw,ring_allreduce,ring_allreduce,2,0,8,success,ring,2,0.004374287456030208,6.314999336609617e-05,6.969999230932444e-05,0.0041600000000000005,0.9510120315173162,0.6373050949656149,0.6115435684601961,14630.954331035631,0.10372129101479104,0.0,0,,,
homogeneous_high_bw,ring_allreduce,ring_allreduce,2,0,9,success,ring,2,0.004667394109391422,5.0850001571234316e-05,5.750000127591193e-05,0.0044595008053941905,0.9554583780317752,0.6467461611737657,0.5989518411609341,13712.148256609276,0.13077678207315363,0.0,0,,,
homogeneous_high_bw,ring_allreduce,ring_allreduce,2,0,10,success,ring,2,0.004294663235295789,4.020000051241368e-05,4.430000262800604e-05,0.0041600000000000005,0.9686440524162511,0.6521174288424751,0.5873840090002027,14902.216191019246,0.10199009854082437,0.0,0,,,
homogeneous_high_bw,ring_allreduce,ring_allreduce,2,0,11,success,ring,2,0.004310383708920761,7.234999793581665e-05,7.589999586343765e-05,0.0041600000000000005,0.9651112942428939,0.6407946998584533,0.5781468898185286,14847.866065275288,0.04906700732325224,0.0,0,,,
homogeneous_high_bw,ring_allreduce,ring_allreduce,2,0,12,success,ring,2,0.004505464164152248,6.819999543949962e-05,7.249999907799065e-05,0.004341541796716068,0.9636169856281559,0.5975612294115793,0.5716313377328055,14204.97370930533,0.06304991001437336,0.0,0,,,
homogeneous_high_bw,ring_allreduce,ring_allreduce,2,0,13,success,ring,2,0.004698531325573616,4.4699998397845775e-05,4.919999628327787e-05,0.004550270979303539,0.9684453851646977,0.5288527798061147,0.5607569694389267,13621.277706855899,0.10067109498996911,0.0,0,,,
homogeneous_high_bw,ring_allreduce,ring_allreduce,2,0,14,success,ring,2,0.0043181205830603265,6.315000064205378e-05,6.740000389982015e-05,0.0041600000000000005,0.9633820825475273,0.6042186901705026,0.552692992309417,14821.262808423497,0.06730012901434576,0.0,0,,,
homogeneous_high_bw,ring_allreduce,ring_allreduce,2,0,15,success,ring,2,0.0042836082377909705,6.815000233473256e-05,7.069999992381781e-05,0.0041600000000000005,0.9711438976374007,0.5343909260531011,0.5437335658002227,14940.675348267701,0.03741742427451428,0.0,0,,,
homogeneous_high_bw,ring_allreduce,ring_allreduce,2,0,16,success,ring,2,0.00440619720928374,4.669999907491729e-05,4.769999941345304e-05,0.004338068937713933,0.9845380793609821,0.5466649000836481,0.5335865564577706,14524.996717158665,0.02141328344607132,0.0,0,,,
homogeneous_high_bw,ring_allreduce,ring_allreduce,2,0,17,success,ring,2,0.004409591095859702,5.819999933009967e-05,5.94000011915341e-05,0.004325696210958629,0.9809744524883849,0.5045831796884157,0.5271187051288665,14513.817405902222,0.02061858856749554,0.0,0,,,
homogeneous_high_bw,ring_allreduce,ring_allreduce,2,0,18,success,ring,2,0.004450264089942545,8.214999979827553e-05,8.260000322479755e-05,0.004358614717485686,0.9794058575840512,0.5154406144140176,0.5203837661752326,14381.169006270427,0.005477826197799171,0.0,0,,,
homogeneous_high_bw,ring_allreduce,ring_allreduce,2,0,19,success,ring,2,0.004502177688086513,6.0999998822808266e-05,7.069999992381781e-05,0.00420662848190221,0.9343541666588653,0.5949901116039011,0.5157750044742229,14215.342981542979,0.1590164119538679,0.0,0,,,
homogeneous_high_bw,ring_allreduce,ring_allreduce,2,0,20,success,ring,2,0.004552974941066081,5.249999958323315e-05,6.559999019373208e-05,0.0041600000000000005,0.9136883145300014,0.46938188484478993,0.5102090774291583,14056.74330046156,0.24952362790416158,0.0,0,,,
homogeneous_high_bw,ring_allreduce,ring_allreduce,2,0,21,success,ring,2,0.005273326460523737,0.00010429999383632094,0.00013509999553207308,0.004340320367678048,0.8230706746813045,0.5626222835411603,0.507440861868518,12136.551848080278,0.29530204430102713,0.0,0,,,
homogeneous_high_bw,ring_allreduce,ring_allreduce,2,0,22,success,ring,2,0.004518446137420782,7.225000445032492e-05,7.840000034775585e-05,0.004306576339391478,0.9531100312838423,0.5095339476577605,0.5052482596989022,14164.161318636956,0.08512104406219487,0.0,0,,,
homogeneous_high_bw,ring_allreduce,ring_allreduce,2,0,23,success,ring,2,0.004347242891619199,5.0549999286886305e-05,5.469999450724572e-05,0.004202728964581613,0.9667573377792655,0.45881262960255925,0.502587826061197,14721.974731014441,0.08209683871032554,0.0,0,,,
homogeneous_high_bw,ring_allreduce,ring_allreduce,2,0,24,success,ring,2,0.0042318650232510725,6.234999455045909e-05,6.27999979769811e-05,0.0041600000000000005,0.9830181201772209,0.5053923901835351,0.49829624776288134,15123.355695034166,0.007217377043079887,0.0,0,,,
homogeneous_high_bw,ring_allreduce,ring_allreduce,2,0,25,success,ring,2,0.004883288277858588,8.284999785246328e-05,9.830000635702163e-05,0.004418365228592744,0.9047930364107603,0.5927696530597879,0.4951680840612133,13105.922967968867,0.18648169847378337,0.0,0,,,
homogeneous_high_bw,ring_allreduce,ring_allreduce,2,0,26,success,ring,2,0.004259393487737272,6.165000377222896e-05,6.340000254567713e-05,0.0041600000000000005,0.9766648730568276,0.4075888852222922,0.4914630710012966,15025.613431643498,0.02838602819113615,0.0,0,,,
homogeneous_high_bw,ring_allreduce,ring_allreduce,2,0,27,success,ring,2,0.004334421878567019,6.26499968348071e-05,6.75999908708036e-05,0.0041600000000000005,0.9597589059271076,0.4169200357005475,0.48929627908720136,14765.521629647807,0.07901028263478053,0.0,0,,,
homogeneous_high_bw,ring_allreduce,ring_allreduce,2,0,28,success,ring,2,0.004465525452705589,6.57499986118637e-05,7.03999976394698e-05,0.004295548292328634,0.9619356865889168,0.5610105201816699,0.4884049032573486,14332.019977900572,0.07072241908830476,0.0,0,,,
homogeneous_high_bw,ring_allreduce,ring_allreduce,2,0,29,success,ring,2,0.0043438123984223045,5.315000453265384e-05,5.880001117475331e-05,0.0041600000000000005,0.9576840844947481,0.38190475267501833,0.4885792411135129,14733.601299919199,0.10630303017801697,0.0,0,,,
homogeneous_high_bw,ring_allreduce,ring_allreduce,2,0,30,success,ring,2,0.004507458471681239,5.545000021811575e-05,6.380000559147447e-05,0.00425151044884677,0.9432167762737028,0.40854315012707687,0.48687043317117673,14198.688773748949,0.15058620721239488,0.0,0,,,
homogeneous_high_bw,ring_allreduce,ring_allreduce,2,0,31,success,ring,2,0.004594928413640323,6.0850004956591874e-05,6.740000389982015e-05,0.004382427370758738,0.9537531330736813,0.5162521923664268,0.4820190001085365,13928.399800530542,0.1076417140846428,0.0,0,,,
homogeneous_high_bw,ring_allreduce,ring_allreduce,2,0,32,success,ring,2,0.004403551125366787,7.655000081285834e-05,7.949999417178333e-05,0.004262777597743057,0.9680318171366742,0.5775278477529592,0.47955053884457666,14533.724754852079,0.0385368163169588,0.0,0,,,
homogeneous_high_bw,ring_allreduce,ring_allreduce,2,0,33,success,ring,2,0.004326529078256007,5.914999928791076e-05,6.390000635292381e-05,0.0041600000000000005,0.9615097748694358,0.3289849250646497,0.47801249518907185,14792.458074914395,0.08030443012497956,0.0,0,,,
homogeneous_high_bw,ring_allreduce,ring_allreduce,2,0,34,success,ring,2,0.004281734826210773,5.174999387236312e-05,5.4899996030144393e-05,0.0041600000000000005,0.9715688077025301,0.6220511497481536,0.4779003870080308,14947.212426192767,0.060869612944899426,0.0,0,,,
homogeneous_high_bw,ring_allreduce,ring_allreduce,2,0,35,success,ring,2,0.004253027575809291,5.8649995480664074e-05,5.989999044686556e-05,0.004167594868899677,0.9799124963601118,0.45740841675204863,0.47837710321528965,15048.103700061643,0.021312788426399762,0.0,0,,,
homogeneous_high_bw,ring_allreduce,ring_allreduce,4,0,0,success,ring,4,0.010181416632286102,0.00018717500279308297,0.0002179000002797693,0.00924,0.9075357913062124,1.102528695050947,0.9583033093241184,12571.924381731082,0.16602033755791312,0.0,0,,,
homogeneous_high_bw,ring_allreduce,ring_allreduce,4,0,1,success,ring,4,0.010250501002854365,0.00012997500016354024,0.0001548000000184402,0.009511445239210211,0.927900522770706,0.9453200143969531,0.8568629798604182,12487.194524868295,0.18871310192380986,0.0,0,,,
homogeneous_high_bw,ring_allreduce,ring_allreduce,4,0,2,success,ring,4,0.01030792379163094,0.00010585000200080685,0.0001407999952789396,0.009607935302374485,0.9320921939852932,0.8459976788895951,0.802989146389337,12417.63158007861,0.1985754661673475,0.0,0,,,
homogeneous_high_bw,ring_allreduce,ring_allreduce,4,0,3,success,ring,4,0.010324789331608322,0.00012385000445647165,0.00017800000205170363,0.00924,0.8949335142086293,0.7709239005805988,0.7668266939657234,12397.347382976683,0.2547161008720727,0.0,0,,,
homogeneous_high_bw,ring_allreduce,ring_allreduce,4,0,4,success,ring,4,0.009965826699906232,0.00012145000073360279,0.00014689999807160348,0.009277900198612406,0.9309714565576082,0.7636391054790275,0.7284878780914681,12843.891816943229,0.18414789323499842,0.0,0,,,
homogeneous_high_bw,ring_allreduce,ring_allreduce,4,0,5,success,ring,4,0.009672926190835122,8.982500003185123e-05,0.00010989999282173812,0.00924,0.955243513462833,0.6434619477488286,0.7024373799896644,13232.81057610851,0.1469637029628132,0.0,0,,,
homogeneous_high_bw,ring_allreduce,ring_allreduce,4,0,6,success,ring,4,0.00969936138006721,8.492499910062179e-05,9.780000254977494e-05,0.009312105703107278,0.9600741057286755,0.7429224171022543,0.6831297195873149,13196.745124173633,0.14798346976670013,0.0,0,,,
homogeneous_high_bw,ring_allreduce,ring_allreduce,4,0,7,success,ring,4,0.009451183914877852,7.130000449251384e-05,7.829999958630651e-05,0.00924,0.9776552951693797,0.7223372698748335,0.6707528263841103,13543.276816199199,0.08485562962556258,0.0,0,,,
homogeneous_high_bw,ring_allreduce,ring_allreduce,4,0,8,success,ring,4,0.009821779246697278,9.15000018721912e-05,9.800000407267362e-05,0.009557986125679943,0.9731420230091162,0.6856423587351701,0.652307218582886,13032.261954272892,0.0845883214564536,0.0,0,,,
homogeneous_high_bw,ring_allreduce,ring_allreduce,4,0,9,success,ring,4,0.009838195712020515,8.777500261203386e-05,0.00011020000965800136,0.009351110676310819,0.9504904100337662,0.6627915734735971,0.638332566752653,13010.515723285205,0.17100045055410254,0.0,0,,,
homogeneous_high_bw,ring_allreduce,ring_allreduce,4,0,10,success,ring,4,0.009429126981568456,7.092500527505763e-05,7.88000033935532e-05,0.00924,0.9799422595603865,0.6695920597422249,0.6303139087927838,13574.95770819583,0.07000442476118546,0.0,0,,,
homogeneous_high_bw,ring_allreduce,ring_allreduce,4,0,11,success,ring,4,0.010190670268928774,0.00010387499787611887,0.00014930000179447234,0.009269382790441108,0.909595006591798,0.637126478964495,0.6155123514273597,12560.508447640623,0.2585356555306405,0.0,0,,,
homogeneous_high_bw,ring_allreduce,ring_allreduce,4,0,12,success,ring,4,0.009968485331822124,0.00010520000068936497,0.00012700000661425292,0.009394965668204592,0.9424667194135602,0.6146795649036105,0.6062204854215838,12840.466303480338,0.1757951313969333,0.0,0,,,
homogeneous_high_bw,ring_allreduce,ring_allreduce,4,0,13,success,ring,4,0.010013323322408348,7.525000546593219e-05,0.00010570000449661165,0.009387479289425186,0.9374988689736389,0.5953552271714795,0.5949684204102625,12782.968838482902,0.24604730669771382,0.0,0,,,
homogeneous_high_bw,ring_allreduce,ring_allreduce,4,0,14,success,ring,4,0.009717264195291864,9.93999965430703e-05,0.00011909999011550099,0.00924,0.9508849213420476,0.6045835788306562,0.5848849728572342,13172.431810798927,0.1503628190182982,0.0,0,,,
homogeneous_high_bw,ring_allreduce,ring_allreduce,4,0,15,success,ring,4,0.010198653405052318,0.00011180000365129672,0.00015950000670272857,0.00924,0.9060019625162072,0.5470848121074088,0.5754606881485322,12550.676537021052,0.2505182961650365,0.0,0,,,
homogeneous_high_bw,ring_allreduce,ring_allreduce,4,0,16,success,ring,4,0.009865881609697548,9.272499664803036e-05,0.00011130000348202884,0.009457461373187847,0.9586027632737607,0.5932867545845439,0.5688116999770455,12974.00527026231,0.1334771894574314,0.0,0,,,
homogeneous_high_bw,ring_allreduce,ring_allreduce,4,0,17,success,ring,4,0.010501576055423161,0.00012752499969792552,0.00017350001144222915,0.009446564620272296,0.8995377998899468,0.5710868907363675,0.564497449489692,12188.646668315943,0.2540378575139619,0.0,0,,,
homogeneous_high_bw,ring_allreduce,ring_allreduce,4,0,18,success,ring,4,0.010085238358505132,0.00010787499923026189,0.00015069999790284783,0.00924,0.9161905422104059,0.5679475768373052,0.5600877274448852,12691.817034949345,0.23043741548358695,0.0,0,,,
homogeneous_high_bw,ring_allreduce,ring_allreduce,4,0,19,success,ring,4,0.009766190038466448,8.767499821260571e-05,0.00011319998884573579,0.00924,0.9461212574817893,0.5517963852760288,0.5538508588340473,13106.441662085394,0.18241611763032853,0.0,0,,,
homogeneous_high_bw,ring_allreduce,ring_allreduce,4,0,20,success,ring,4,0.00961813225365437,7.125000047381036e-05,9.030000364873558e-05,0.00924,0.9606854799162592,0.5389964429061711,0.5481900104688247,13308.19712438108,0.15937554727311723,0.0,0,,,
homogeneous_high_bw,ring_allreduce,ring_allreduce,4,0,21,success,ring,4,0.010266884687193882,0.00011150000136694871,0.0001613000058569014,0.00924,0.8999808882167792,0.5916486682801247,0.5448013728096756,12467.267715557115,0.2683151425626392,0.0,0,,,
homogeneous_high_bw,ring_allreduce,ring_allreduce,4,0,22,success,ring,4,0.009782290289786786,9.124999996856786e-05,0.00010649999603629112,0.009431370677384301,0.9641270498005091,0.5506007828491528,0.5440285023801752,13084.870332833874,0.11475099786994605,0.0,0,,,
homogeneous_high_bw,ring_allreduce,ring_allreduce,4,0,23,success,ring,4,0.01012538437816406,8.977499965112656e-05,0.00012660000356845558,0.009381550456451504,0.9265377101814847,0.559327703618528,0.5456221900471244,12641.495396069993,0.2437732625380014,0.0,0,,,
homogeneous_high_bw,ring_allreduce,ring_allreduce,4,0,24,success,ring,4,0.010203170832747594,0.00011767500836867839,0.00016610001330263913,0.00924,0.9056008324729555,0.5507352977286918,0.54421339126914,12545.119757201115,0.23993701252529975,0.0,0,,,
homogeneous_high_bw,ring_allreduce,ring_allreduce,4,0,25,success,ring,4,0.009722230642522414,0.00010722500155679882,0.00012650000280700624,0.00924,0.950399176870659,0.5870051334570128,0.5402484466735753,13165.702883056747,0.14060499281495067,0.0,0,,,
homogeneous_high_bw,ring_allreduce,ring_allreduce,4,0,26,success,ring,4,0.009771472471195265,8.02000031399075e-05,9.99000039882958e-05,0.009374771087982457,0.9594020876196274,0.48868069529581004,0.5345566267732257,13099.356353643065,0.14854923292059355,0.0,0,,,
homogeneous_high_bw,ring_allreduce,ring_allreduce,4,0,27,success,ring,4,0.009493630201893708,7.570000161649659e-05,8.730000990908593e-05,0.00924,0.9732841709125013,0.5477753184941377,0.5280936936623808,13482.724445541144,0.09526355847945321,0.0,0,,,
homogeneous_high_bw,ring_allreduce,ring_allreduce,4,0,28,success,ring,4,0.009746387490018996,0.0001260249991901219,0.00015079999866429716,0.00924,0.9480435709602585,0.48925085194620166,0.5265328905114959,13133.071112869382,0.1179003628993026,0.0,0,,,
homogeneous_high_bw,ring_allreduce,ring_allreduce,4,0,29,success,ring,4,0.00993925099854602,0.00011564999658730812,0.00014429999282583594,0.00924,0.9296475158290789,0.5266417436219076,0.5262370190572576,12878.23398551105,0.19229072533287897,0.0,0,,,
homogeneous_high_bw,ring_allreduce,ring_allreduce,4,0,30,success,ring,4,0.010295568994207287,7.844999709050171e-05,0.00012060000153724104,0.009423648516477933,0.9153110937122627,0.5544905150492918,0.5265825633987621,12432.532876232299,0.31149273076920625,0.0,0,,,
homogeneous_high_bw,ring_allreduce,ring_allreduce,4,0,31,success,ring,4,0.009862206418563741,9.387499449076131e-05,0.00011699998867698014,0.00924,0.9369100186959629,0.4845679606254921,0.5232201611439034,12978.84008583152,0.21590020460667006,0.0,0,,,
homogeneous_high_bw,ring_allreduce,ring_allreduce,4,0,32,success,ring,4,0.010006274588138336,9.452500671613961e-05,0.0001314000110141933,0.00924,0.9234205916109183,0.46739855038638656,0.5199666053107088,12791.973563441294,0.24158086906688525,0.0,0,,,
homogeneous_high_bw,ring_allreduce,ring_allreduce,4,0,33,success,ring,4,0.009520053140798708,7.520000144722871e-05,8.779999916441739e-05,0.00924,0.9705828174846498,0.5344942356541658,0.5169690042254215,13445.303099354456,0.10948356689290574,0.0,0,,,
homogeneous_high_bw,ring_allreduce,ring_allreduce,4,0,34,success,ring,4,0.010130919586048396,9.262500316253863e-05,0.00012989999959245324,0.009355510996023622,0.9234611840081514,0.4609078513025024,0.5154630375750603,12634.58849049328,0.2484636614540152,0.0,0,,,
homogeneous_high_bw,ring_allreduce,ring_allreduce,4,0,35,success,ring,4,0.009729769545451763,8.874999912222847e-05,0.00011240001185797155,0.009262825359374591,0.9520087105973186,0.5269843639350733,0.5118930061772484,13155.50172098725,0.15771536335209685,0.0,0,,,
homogeneous_high_bw,adaptive,ring_allreduce,2,0,0,success,ring,2,0.004678316131269981,0.00013324999599717557,0.00014609999198000878,0.004250432371583791,0.9085389384385111,1.0933260605222213,0.8966882943369282,13680.135801901546,0.09643524407062899,0.0,0,,,
homogeneous_high_bw,adaptive,ring_allreduce,2,0,1,success,ring,2,0.004506882622981064,7.814999844413251e-05,8.379999781027436e-05,0.0043019130953234576,0.9545207752666011,0.8635715774508284,0.7745798423403265,14200.502953783916,0.07229685740664528,0.0,0,,,
homogeneous_high_bw,adaptive,ring_allreduce,2,0,2,success,ring,2,0.0045684244162696236,7.675000961171463e-05,7.910000567790121e-05,0.004440885406949414,0.9720824954734936,0.8297711931927321,0.7167989925599656,14009.206275160313,0.030618837019781322,0.0,0,,,
homogeneous_high_bw,adaptive,ring_allreduce,2,0,3,success,ring,2,0.004249910757867454,7.6149997767061e-05,7.679998816456646e-05,0.0041600000000000005,0.9788440833255122,0.7267799948776487,0.6594263820283115,15059.139743469417,0.008535658674056581,0.0,0,,,
homogeneous_high_bw,adaptive,ring_allreduce,2,0,4,success,ring,2,0.004241135385966054,5.319999036146328e-05,5.4499992984347045e-05,0.0041600000000000005,0.9808694185442579,0.6917570470722617,0.6182065782950698,15090.298746834735,0.02443614349579492,0.0,0,,,
homogeneous_high_bw,adaptive,ring_allreduce,2,0,5,success,ring,2,0.004772773580039663,5.9300000430084765e-05,6.86999992467463e-05,0.00448627260404743,0.9399718065004348,0.6561248971928966,0.5863706952691342,13409.39370508922,0.15851599645818254,0.0,0,,,
homogeneous_high_bw,adaptive,ring_allreduce,2,0,6,success,ring,2,0.004523058219617742,7.485000242013484e-05,7.999999797903001e-05,0.004332971484036026,0.957973847261736,0.6222550796226509,0.5572897394086821,14149.718374708173,0.06880421273981945,0.0,0,,,
homogeneous_high_bw,adaptive,ring_allreduce,2,0,7,success,ring,2,0.0043607939933244695,4.785000055562705e-05,5.1700000767596066e-05,0.004225898587147055,0.969066319944507,0.599721404707504,0.5304438863310491,14676.226416100279,0.08045977192902028,0.0,0,,,
homogeneous_high_bw,adaptive,ring_allreduce,2,0,8,success,ring,2,0.004701869395544835,7.085000106599182e-05,8.889999298844486e-05,0.0041600000000000005,0.8847544774301319,0.5103784623206487,0.508316049532536,13611.607345078952,0.2547634636007596,0.0,0,,,
homogeneous_high_bw,adaptive,ring_allreduce,2,0,9,success,ring,2,0.004313440311898238,6.70000008540228e-05,7.090000144671649e-05,0.0041600000000000005,0.9644273941904363,0.5796064478857562,0.4937704166469307,14837.344526006711,0.05820896245929766,0.0,0,,,
homogeneous_high_bw,adaptive,ring_allreduce,2,0,10,success,ring,2,0.004438746721755572,5.860000237589702e-05,6.320000102277845e-05,0.004276324911026461,0.9634081823292516,0.5384611861479447,0.4871112180849154,14418.484318178738,0.07849826590237831,0.0,0,,,
homogeneous_high_bw,adaptive,ring_allreduce,2,0,11,success,ring,2,0.004210427573195806,4.515000182436779e-05,4.539999645203352e-05,0.0041600000000000005,0.9880231704929839,0.42350818896352516,0.4662220287257512,15200.356469122828,0.005536979225410023,0.0,0,,,
homogeneous_high_bw,adaptive,ring_allreduce,2,0,12,success,ring,2,0.004402078414658684,5.800000508315861e-05,5.9300000430084765e-05,0.004316195753350496,0.9804904290159385,0.557500481686832,0.45903003158262057,14538.586997197379,0.022413710527241316,0.0,0,,,
homogeneous_high_bw,adaptive,ring_allreduce,2,0,13,success,ring,2,0.004652995915381903,4.905000241706148e-05,5.020000389777124e-05,0.004579256635320089,0.9841523007105925,0.4519518858234559,0.44900726973508187,13754.579020460431,0.023445492366872017,0.0,0,,,
homogeneous_high_bw,adaptive,ring_allreduce,2,0,14,success,ring,2,0.004252566433462491,3.7099998735357076e-05,3.710000601131469e-05,0.004215466281932,0.9912758208223255,0.5474519053070446,0.443178008216704,15049.735495346613,1.9611745730686045e-07,0.0,0,,,
homogeneous_high_bw,adaptive,ring_allreduce,2,0,15,success,ring,2,0.00485939917074368,7.285000174306333e-05,9.580000187270343e-05,0.0041600000000000005,0.8560729122739172,0.5053925372633565,0.43597114880636934,13170.352496521802,0.31503087529842777,0.0,0,,,
homogeneous_high_bw,adaptive,ring_allreduce,2,0,16,success,ring,2,0.004331933622605166,6.660000508418307e-05,7.130000449251384e-05,0.0041600000000000005,0.960310189955827,0.5253209889205054,0.4359421224078756,14774.002922397336,0.07057055523973861,0.0,0,,,
homogeneous_high_bw,adaptive,ring_allreduce,2,0,17,success,ring,2,0.0042937106420978715,4.924999666400254e-05,5.299999611452222e-05,0.0041600000000000005,0.9688589536549345,0.605880706748883,0.43210451727189836,14905.522363922068,0.07614212443426376,0.0,0,,,
homogeneous_high_bw,adaptive,ring_allreduce,2,0,18,success,ring,2,0.004420403603869606,6.859999848529696e-05,7.680000271648169e-05,0.0041600000000000005,0.9410905367008457,0.45639947195682806,0.42821447270743523,14478.315949243779,0.11953359027272628,0.0,0,,,
homogeneous_high_bw,adaptive,ring_allreduce,2,0,19,success,ring,2,0.004265732828979228,6.0200000007171184e-05,6.19000056758523e-05,0.004168872571217065,0.977293407335747,0.44385603913169247,0.4151887965709324,15003.283741826592,0.028239296349490187,0.0,0,,,
homogeneous_high_bw,adaptive,ring_allreduce,2,0,20,success,ring,2,0.004248770458575594,4.260000423528254e-05,4.470000567380339e-05,0.0041600000000000005,0.9791067887895846,0.4896686346538013,0.4118915649164216,15063.181365993607,0.04929580235782618,0.0,0,,,
homogeneous_high_bw,adaptive,ring_allreduce,2,0,21,success,ring,2,0.0042289259214060865,3.735000063898042e-05,3.880000440403819e-05,0.0041600000000000005,0.9837013173824599,0.4896927984158596,0.40512484727455245,15133.866421268613,0.03882205358578813,0.0,0,,,
homogeneous_high_bw,adaptive,ring_allreduce,2,0,22,success,ring,2,0.004373645856288158,7.289999484783038e-05,7.909999112598598e-05,0.0041600000000000005,0.9511515419153128,0.47087152492780204,0.40417444345139825,14633.100644850965,0.0850479647639118,0.0,0,,,
homogeneous_high_bw,adaptive,ring_allreduce,2,0,23,success,ring,2,0.004433294189631516,0.0001282499943044968,0.0001340000017080456,0.00417913808186398,0.9426710484582885,0.5672922160423657,0.4005546969311748,14436.217688797124,0.04483436736115963,0.0,0,,,
homogeneous_high_bw,adaptive,ring_allreduce,2,0,24,success,ring,2,0.004501564916954324,7.049999112496153e-05,7.71999912103638e-05,0.004277630172416418,0.9502540230632915,0.45455990784794326,0.3928519667506664,14217.278031236574,0.09503547282000405,0.0,0,,,
homogeneous_high_bw,adaptive,ring_allreduce,2,0,25,success,ring,2,0.004448586723816022,6.170000415295362e-05,6.6100008552894e-05,0.004288211089921497,0.9639490822925996,0.476820366535051,0.3915425632885483,14386.59151171958,0.0713128692458422,0.0,0,,,
homogeneous_high_bw,adaptive,ring_allreduce,2,0,26,success,ring,2,0.004242471245921372,4.7800007450859994e-05,4.940001235809177e-05,0.0041600000000000005,0.9805605645528752,0.48951318134248856,0.38692593678033643,15085.547146967308,0.03347290009115032,0.0,0,,,
homogeneous_high_bw,adaptive,ring_allreduce,2,0,27,success,ring,2,0.005183675382547039,8.670000534038991e-05,0.00011950000771321356,0.0041600000000000005,0.8025193888503012,0.46941470024358745,0.38482503608607754,12346.452136158478,0.3783160319971454,0.0,0,,,
homogeneous_high_bw,adaptive,ring_allreduce,2,0,28,success,ring,2,0.004404242835628657,6.294999911915511e-05,6.980000762268901e-05,0.0041825347597431815,0.9496603425015667,0.4385127815359441,0.3803531910574136,14531.44215442987,0.10881665592641525,0.0,0,,,
homogeneous_high_bw,adaptive,ring_allreduce,2,0,29,success,ring,2,0.004276739525317241,4.364999767858535e-05,4.6899993321858346e-05,0.0041600000000000005,0.9727036157740795,0.4215316827137364,0.37543120326880625,14964.671011908913,0.07445580164169491,0.0,0,,,
homogeneous_high_bw,adaptive,ring_allreduce,2,0,30,success,ring,2,0.00436760977944995,6.104999920353293e-05,6.740000389982015e-05,0.0041600000000000005,0.9524660420839851,0.5361406864231548,0.3781319642362566,14653.323724369,0.10401318059159881,0.0,0,,,
homogeneous_high_bw,adaptive,ring_allreduce,2,0,31,success,ring,2,0.004507346064779749,5.899999086977914e-05,6.179999036248773e-05,0.004386888458990369,0.9732752701793564,0.47304822801902,0.3812499574953917,14199.042869171695,0.04745762506016215,0.0,0,,,
homogeneous_high_bw,adaptive,ring_allreduce,2,0,32,success,ring,2,0.004201001418597624,3.995000588474795e-05,4.0000013541430235e-05,0.0041600000000000005,0.9902400845626683,0.40508090643392713,0.3785170613576456,15234.462839425665,0.0012517558964770673,0.0,0,,,
homogeneous_high_bw,adaptive,ring_allreduce,2,0,33,success,ring,2,0.004377916985638546,5.9600002714432776e-05,6.640001083724201e-05,0.0041600000000000005,0.9502235911842533,0.38931743671083063,0.3702704668209242,14618.82447975774,0.11409408890963771,0.0,0,,,
homogeneous_high_bw,adaptive,ring_allreduce,2,0,34,success,ring,2,0.004746191849558418,7.064999226713553e-05,9.009998757392168e-05,0.0041600000000000005,0.876492171378838,0.3856683988044767,0.3685465322977536,13484.494944289812,0.27530073829226764,0.0,0,,,
homogeneous_high_bw,adaptive,ring_allreduce,2,0,35,success,ring,2,0.004318678514545045,4.345000343164429e-05,4.84000047435984e-05,0.0041600000000000005,0.9632576229023242,0.5070206127612157,0.3690786344091548,14819.34804465114,0.1139240692078978,0.0,0,,,
homogeneous_high_bw,adaptive,ring_allreduce,4,0,0,success,ring,4,0.010368231596374105,0.00015807499949005432,0.0001947999990079552,0.009350960312102153,0.9018857483249406,1.093097296223772,0.9133701420936637,12345.40324550265,0.21110659380198665,0.0,0,,,
homogeneous_high_bw,adaptive,ring_allreduce,4,0,1,success,ring,4,0.009994391796348853,0.00012785000217263587,0.00015500000154133886,0.00924,0.924518488796442,0.9252466879708885,0.8117738480076713,12807.182528781881,0.19335218995067377,0.0,0,,,
homogeneous_high_bw,adaptive,ring_allreduce,4,0,2,success,ring,4,0.009936103760555834,8.89750081114471e-05,0.0001196000084746629,0.00924,0.9299419795393831,0.7819265519428114,0.7346338868316654,12882.313136476301,0.24101325720361527,0.0,0,,,
homogeneous_high_bw,adaptive,ring_allreduce,4,0,3,success,ring,4,0.009975224878724516,8.355000318260863e-05,0.00011240001185797155,0.009295998838547825,0.9319086989582193,0.6921928346104691,0.683097808864568,12831.79091761656,0.25214678314934746,0.0,0,,,
homogeneous_high_bw,adaptive,ring_allreduce,4,0,4,success,ring,4,0.009710413980195941,6.425000174203888e-05,7.869998808018863e-05,0.009286259012129578,0.9563195792752593,0.6676858517962893,0.6367219977640732,13181.7243076404,0.21947587821371975,0.0,0,,,
homogeneous_high_bw,adaptive,ring_allreduce,4,0,5,success,ring,4,0.010649253632633884,7.819999882485718e-05,0.00013849999231752008,0.009273990952630857,0.87085830355391,0.5861175397832559,0.6007999163934943,12019.621695153646,0.44648474956234974,0.0,0,,,
homogeneous_high_bw,adaptive,ring_allreduce,4,0,6,success,ring,4,0.009868845503382058,8.320000051753595e-05,0.0001142999972216785,0.00924,0.9362797296637634,0.5884980358548502,0.5711253813184443,12970.108809194991,0.2250855287259748,0.0,0,,,
homogeneous_high_bw,adaptive,ring_allreduce,4,0,7,success,ring,4,0.009620057517576252,5.332500222721137e-05,5.869999586138874e-05,0.009431964848580825,0.9804478644070709,0.5260924383606276,0.5443899971971143,13305.533752385429,0.11021523190527999,0.0,0,,,
homogeneous_high_bw,adaptive,ring_allreduce,4,0,8,success,ring,4,0.009664072832705893,6.260000373004004e-05,7.860000187065452e-05,0.009255699160263836,0.9577431089860987,0.46995106454916946,0.5280319433550521,13244.933292184287,0.2097796836659643,0.0,0,,,
homogeneous_high_bw,adaptive,ring_allreduce,4,0,9,success,ring,4,0.00965601495009876,5.7350007409695536e-05,6.560000474564731e-05,0.009452084387299282,0.9788804632290476,0.47327341413686225,0.5130123746932284,13255.986104152713,0.10543486893803027,0.0,0,,,
homogeneous_high_bw,adaptive,ring_allreduce,4,0,10,success,ring,4,0.009561477386169014,5.579999924520962e-05,6.779999239370227e-05,0.009246516277556814,0.9670593679311733,0.5683814988778338,0.49616713414363445,13387.052526543244,0.1822722300492881,0.0,0,,,
homogeneous_high_bw,adaptive,ring_allreduce,4,0,11,success,ring,4,0.009767378253775305,5.664999844157137e-05,7.829999958630651e-05,0.009306631178329593,0.9528279684195068,0.4941284567450584,0.48257304337370477,13104.84724501431,0.24421907910602905,0.0,0,,,
homogeneous_high_bw,adaptive,ring_allreduce,4,0,12,success,ring,4,0.009919387942477148,7.752499732305296e-05,0.00011149999045301229,0.00924,0.931509086405639,0.46325349366702406,0.4640725372217943,12904.021976182012,0.2546582962549454,0.0,0,,,
homogeneous_high_bw,adaptive,ring_allreduce,4,0,13,success,ring,4,0.009733782778081332,5.8300003729527816e-05,7.650000043213367e-05,0.009340251196759498,0.9595705400157487,0.5104112022466687,0.4546365559715964,13150.07771575016,0.20721018241754843,0.0,0,,,
homogeneous_high_bw,adaptive,ring_allreduce,4,0,14,success,ring,4,0.00974331103538505,4.8724996304372326e-05,5.8999998145736754e-05,0.009472304652886097,0.9721853914429364,0.47802820829672327,0.44275014462503637,13137.217885700136,0.17966643306457086,0.0,0,,,
homogeneous_high_bw,adaptive,ring_allreduce,4,0,15,success,ring,4,0.010025170830475643,8.287499804282561e-05,0.00012080000306013972,0.00924,0.9216800547588883,0.3790715355365898,0.4365059854064557,12767.862230426157,0.2749879182886896,0.0,0,,,
homogeneous_high_bw,adaptive,ring_allreduce,4,0,16,success,ring,4,0.009777313468866863,5.122500442666933e-05,6.089999806135893e-05,0.009568807727962156,0.9786745365617421,0.41989101208792323,0.42790020015002356,13091.530757153325,0.12118698484573802,0.0,0,,,
homogeneous_high_bw,adaptive,ring_allreduce,4,0,17,success,ring,4,0.009778503051233591,4.8924997827271e-05,7.179999374784529e-05,0.009315037784368568,0.9526036588180483,0.4851147899688021,0.41971659502091624,13089.938135658951,0.2727474284278276,0.0,0,,,
homogeneous_high_bw,adaptive,ring_allreduce,4,0,18,success,ring,4,0.010625561129516155,7.742500019958243e-05,0.00013699999544769526,0.00924,0.8696011332834666,0.4611308262784304,0.4137886968135807,12046.422625571831,0.4556792611519257,0.0,0,,,
homogeneous_high_bw,adaptive,ring_allreduce,4,0,19,success,ring,4,0.009743792126416947,7.992500104592182e-05,9.580000187270343e-05,0.009336657318454462,0.9582159797047929,0.3926380482607727,0.40822407070114913,13136.569247302798,0.16249206680782535,0.0,0,,,
homogeneous_high_bw,adaptive,ring_allreduce,4,0,20,success,ring,4,0.009733265639297413,6.315000064205378e-05,8.399999933317304e-05,0.00924,0.9493216708988311,0.42208176376248324,0.4001722212770291,13150.776393403721,0.24361050191259553,0.0,0,,,
homogeneous_high_bw,adaptive,ring_allreduce,4,0,21,success,ring,4,0.00981163587599983,5.6324995966861024e-05,7.029999687802047e-05,0.009513683401583416,0.9696327423701858,0.45692440395377476,0.39716630001304315,13045.73484153645,0.1619149983273825,0.0,0,,,
homogeneous_high_bw,adaptive,ring_allreduce,4,0,22,success,ring,4,0.010087203950120258,8.992500079330057e-05,0.00011310000263620168,0.009433098260798415,0.9351549059029342,0.4883829459950882,0.3888826668058974,12689.343908672929,0.2391713855329622,0.0,0,,,
homogeneous_high_bw,adaptive,ring_allreduce,4,0,23,success,ring,4,0.009601334243359296,5.949999831500463e-05,7.03999976394698e-05,0.00928675454273157,0.9672358348689607,0.420265705048166,0.38614916117477616,13331.480475073598,0.17342309032362607,0.0,0,,,
homogeneous_high_bw,adaptive,ring_allreduce,4,0,24,success,ring,4,0.010500786258167968,8.164999599102885e-05,0.00013299999409355223,0.00924,0.8799341090113825,0.38426356562004815,0.3841984846501164,12189.563414876295,0.4239798173528981,0.0,0,,,
homogeneous_high_bw,adaptive,ring_allreduce,4,0,25,success,ring,4,0.009555971525135312,6.974999996600673e-05,8.070000330917537e-05,0.00925020517663635,0.9680025889890216,0.370881546053242,0.38099052362054275,13394.765740282752,0.13944630480838957,0.0,0,,,
homogeneous_high_bw,adaptive,ring_allreduce,4,0,26,success,ring,4,0.009943207964984388,7.974999971338548e-05,0.0001019000046653673,0.009395591638813636,0.9449255885928146,0.4020737925249572,0.3781701150557864,12873.109005741386,0.21870279739882598,0.0,0,,,
homogeneous_high_bw,adaptive,ring_allreduce,4,0,27,success,ring,4,0.009722120635205563,5.44500035175588e-05,6.769999163225293e-05,0.009409116565087068,0.9678049592405745,0.34952175174670597,0.3741940437696065,13165.85185504578,0.1811699474194442,0.0,0,,,
homogeneous_high_bw,adaptive,ring_allreduce,4,0,28,success,ring,4,0.010751213194815003,9.199999840348028e-05,0.00013279999257065356,0.009537837050540178,0.887140537324662,0.32844767641108985,0.3726247446358444,11905.633130010916,0.40684345337190886,0.0,0,,,
homogeneous_high_bw,adaptive,ring_allreduce,4,0,29,success,ring,4,0.009715192470700242,6.579999899258837e-05,8.480000542476773e-05,0.00924,0.9510876936166359,0.2935812448589584,0.371469187662104,13175.240777373312,0.23018422187591756,0.0,0,,,
homogeneous_high_bw,adaptive,ring_allreduce,4,0,30,success,ring,4,0.010106157440938976,5.087500176159665e-05,5.909999890718609e-05,0.009854385442509361,0.9750872673515145,0.42487977941113064,0.37087161517762696,12665.545806904365,0.16300507875221082,0.0,0,,,
homogeneous_high_bw,adaptive,ring_allreduce,4,0,31,success,ring,4,0.009959367782413447,6.684999243589118e-05,9.229998977389187e-05,0.009455490925781308,0.9494067427129361,0.3741082342906131,0.3686609861489522,12852.22142574414,0.22295607392075026,0.0,0,,,
homogeneous_high_bw,adaptive,ring_allreduce,4,0,32,success,ring,4,0.00953995537958512,7.604999700561166e-05,8.450000314041972e-05,0.00924,0.9685579892515006,0.34969973412028016,0.3680222376746337,13417.25353075672,0.1274883836907448,0.0,0,,,
homogeneous_high_bw,adaptive,ring_allreduce,4,0,33,success,ring,4,0.010060519259641193,7.677499525016174e-05,0.00010910000128205866,0.00924,0.9184416590769037,0.3935024325237375,0.3608176862637413,12723.00133786187,0.32603998625072683,0.0,0,,,
homogeneous_high_bw,adaptive,ring_allreduce,4,0,34,success,ring,4,0.009957367182454437,7.2750000981614e-05,9.960000170394778e-05,0.00924,0.9279561384741856,0.32803364760895826,0.35663325135993645,12854.803649858846,0.3101240814165583,0.0,0,,,
homogeneous_high_bw,adaptive,ring_allreduce,4,0,35,success,ring,4,0.010180193864000243,9.352499910164624e-05,0.00011670000094454736,0.009519139655620226,0.9350646738941119,0.2684640378800287,0.35423975868408075,12573.434426690103,0.23322802186357014,0.0,0,,,
heterogeneous_high_bw,sync_ps,sync_ps,2,0,0,success,ps,2,0.016327765768437936,0.0028636499991989695,0.005578199998126365,0.01074956577031157,0.6583610962309863,1.078217954499698,0.9579831868332138,3919.703461432178,0.9479335808282388,0.0,0,,,
heterogeneous_high_bw,sync_ps,sync_ps,2,0,1,success,ps,2,0.016012271980211087,0.0026522500047576614,0.005201799998758361,0.010810471981452725,0.6751366698500341,0.9626895134869368,0.874520703625145,3996.9343562921604,0.9612781557040193,0.0,0,,,
heterogeneous_high_bw,sync_ps,sync_ps,2,0,2,success,ps,2,0.015959367639856947,0.002638849997310899,0.005206499990890734,0.010752867648966213,0.6737652701296251,0.8939365150340405,0.8208187686723875,4010.1839524121438,0.9730185479369275,0.0,0,,,
heterogeneous_high_bw,sync_ps,sync_ps,2,0,3,success,ps,2,0.015981109233769164,0.0026264000043738633,0.0051746000099228695,0.010806509223846293,0.6762052036420231,0.7651266164267261,0.7688512415312078,4004.7282741027557,0.9702254037218807,0.0,0,,,
heterogeneous_high_bw,sync_ps,sync_ps,2,0,4,success,ps,2,0.01581872211228034,0.0026122999988729134,0.005146900002728216,0.010671822109552125,0.6746323776221728,0.8441926488746272,0.738540784688519,4045.8388197056524,0.970256097683501,0.0,0,,,
heterogeneous_high_bw,sync_ps,sync_ps,2,0,5,success,ps,2,0.016094300000565127,0.002775350003503263,0.0054543000005651265,0.01064,0.6611036205132496,0.7623748548021838,0.7135801363976467,3976.5631309067644,0.9652656395463702,0.0,0,,,
heterogeneous_high_bw,sync_ps,sync_ps,2,0,6,success,ps,2,0.015928200001814403,0.0026859999998123385,0.005288200001814403,0.01064,0.6679976393307456,0.6672018347570029,0.685583565255116,4018.030913267643,0.9688011918149925,0.0,0,,,
heterogeneous_high_bw,sync_ps,sync_ps,2,0,7,success,ps,2,0.016322599992724136,0.0029312499973457307,0.0056825999927241355,0.01064,0.6518569348475625,0.7380215493560884,0.666212285393857,3920.9439690078943,0.9386268646246981,0.0,0,,,
heterogeneous_high_bw,sync_ps,sync_ps,2,0,8,success,ps,2,0.01620420000793878,0.0028271500050323084,0.00556420000793878,0.01064,0.6566198883491464,0.6888782141228362,0.6528557825323112,3949.5933133783246,0.9681304483548485,0.0,0,,,
heterogeneous_high_bw,sync_ps,sync_ps,2,0,9,success,ps,2,0.015814099991563708,0.002634500000567641,0.005174099991563708,0.01064,0.6728172963163306,0.6570252999878992,0.637982790521414,4047.0213312260485,0.963977980445965,0.0,0,,,
heterogeneous_high_bw,sync_ps,sync_ps,2,0,10,success,ps,2,0.015972384692076357,0.0026405000025988556,0.0051925000007031485,0.010779884691373209,0.6749076546297396,0.6299056681956227,0.6251101295823768,4006.915763289208,0.9664836184912168,0.0,0,,,
heterogeneous_high_bw,sync_ps,sync_ps,2,0,11,success,ps,2,0.01612368970804633,0.0026400499991723336,0.005193200006033294,0.010930489702013036,0.6779149127732413,0.6099529634608399,0.6123008193591458,3969.3147882932517,0.9670839592789149,0.0,0,,,
heterogeneous_high_bw,sync_ps,sync_ps,2,0,12,success,ps,2,0.01622219999948051,0.002831949997926131,0.005582199999480508,0.01064,0.6558913094611538,0.6243840174134665,0.6028490828952016,3945.2108839768653,0.9711506215142449,0.0,0,,,
heterogeneous_high_bw,sync_ps,sync_ps,2,0,13,success,ps,2,0.01587330000578426,0.00267060000624042,0.005233300005784258,0.01064,0.670308001242512,0.6570429763280461,0.6000733400241243,4031.927827022628,0.9595970915134997,0.0,0,,,
heterogeneous_high_bw,sync_ps,sync_ps,2,0,14,success,ps,2,0.016256599999484606,0.0028844500047853217,0.005616599999484606,0.01064,0.6545034017160616,0.557919631642201,0.5894225746690734,3936.8625667131523,0.9471996357085163,0.0,0,,,
heterogeneous_high_bw,sync_ps,sync_ps,2,0,15,success,ps,2,0.016353214799866983,0.0027042000074288808,0.005311400003847666,0.011041814796019315,0.6752075925835164,0.53504832803609,0.578520781324048,3913.6035809008376,0.9641298677214147,0.0,0,,,
heterogeneous_high_bw,sync_ps,sync_ps,2,0,16,success,ps,2,0.01589990000460297,0.0027044500020565465,0.005259900004602969,0.01064,0.6691865984641259,0.6473606206123528,0.5737166910603148,4025.1825471526367,0.9449056183912715,0.0,0,,,
heterogeneous_high_bw,sync_ps,sync_ps,2,0,17,success,ps,2,0.016000899987863377,0.0027271999933873303,0.005360899987863377,0.01064,0.6649625963583549,0.522548997737741,0.5731976621949,3999.7750156893526,0.9657157523820366,0.0,0,,,
heterogeneous_high_bw,sync_ps,sync_ps,2,0,18,success,ps,2,0.015895494388085518,0.0026575500014587305,0.005218799997237511,0.010676694390848007,0.6716805485994026,0.5372269556457794,0.5674249058312232,4026.298172139349,0.9637636143851086,0.0,0,,,
heterogeneous_high_bw,sync_ps,sync_ps,2,0,19,success,ps,2,0.015981499985661358,0.0027246999961789697,0.005341499985661358,0.01064,0.6657697969243335,0.667928920375919,0.5646513203085208,4004.6303574395997,0.9603993071500361,0.0,0,,,
heterogeneous_high_bw,sync_ps,sync_ps,2,0,20,success,ps,2,0.01615820000691805,0.002806450007483363,0.00551820000691805,0.01064,0.6584891878702169,0.6013819262008173,0.5637319940043068,3960.837220271981,0.9662562993239089,0.0,0,,,
heterogeneous_high_bw,sync_ps,sync_ps,2,0,21,success,ps,2,0.01605274668218567,0.002699550001125317,0.005314199996064417,0.01073854668612125,0.6689538493769552,0.5705833771860129,0.5605103211772111,3986.856658681544,0.9685503113039667,0.0,0,,,
heterogeneous_high_bw,sync_ps,sync_ps,2,0,22,success,ps,2,0.015996500012567267,0.0027176500007044524,0.005356500012567267,0.01064,0.6651455000556958,0.519973391034422,0.5577773555130139,4000.8751883049376,0.9710043641409982,0.0,0,,,
heterogeneous_high_bw,sync_ps,sync_ps,2,0,23,success,ps,2,0.015838399987421,0.002641949999087956,0.0051983999874209985,0.01064,0.6717850293243247,0.5761507164761266,0.5569537466738939,4040.8122064621034,0.9676375360048197,0.0,0,,,
heterogeneous_high_bw,sync_ps,sync_ps,2,0,24,success,ps,2,0.01579750001068227,0.0026294999988749623,0.00515750001068227,0.01064,0.6735242913628885,0.5764624250507773,0.5562272979818956,4051.2739330098557,0.9613995101454721,0.0,0,,,
heterogeneous_high_bw,sync_ps,sync_ps,2,0,25,success,ps,2,0.01602624848082588,0.002629249996971339,0.005167099996469915,0.010859148484355962,0.6775851814195981,0.5066664759067119,0.553530165034781,3993.448627516968,0.9652372355069754,0.0,0,,,
heterogeneous_high_bw,sync_ps,sync_ps,2,0,26,success,ps,2,0.016211499990765006,0.0028412499887053855,0.005571499990765005,0.01064,0.656324214666203,0.5892413554031516,0.5478777846425349,3947.814825059868,0.9609326922840481,0.0,0,,,
heterogeneous_high_bw,sync_ps,sync_ps,2,0,27,success,ps,2,0.01591029999648221,0.002686200001335237,0.005270299996482208,0.01064,0.6687491752105567,0.4620998940466501,0.5455636733506796,4022.551429837935,0.9619909138934161,0.0,0,,,
heterogeneous_high_bw,sync_ps,sync_ps,2,0,28,success,ps,2,0.01616807755764048,0.002646299995831214,0.005192699987674132,0.010975377569966346,0.6788300916319986,0.512062311885036,0.5467051669797367,3958.417429149194,0.9622491761675094,0.0,0,,,
heterogeneous_high_bw,sync_ps,sync_ps,2,0,29,success,ps,2,0.015823100001886487,0.0026452000020071864,0.005183100001886487,0.01064,0.6724346050224963,0.624359081626235,0.550202844789236,4044.7194287067446,0.9594359583374028,0.0,0,,,
heterogeneous_high_bw,sync_ps,sync_ps,2,0,30,success,ps,2,0.016052499987869524,0.002756149995548185,0.0054124999878695235,0.01064,0.662825105624693,0.44097964356424113,0.5444492345468864,3986.917928569582,0.963790067902024,0.0,0,,,
heterogeneous_high_bw,sync_ps,sync_ps,2,0,31,success,ps,2,0.016367014062789308,0.002799250003590714,0.005484000008436851,0.010883014054352458,0.6649358284047168,0.5156368802979496,0.5394281666480777,3910.3039659204005,0.9590961866368494,0.0,0,,,
heterogeneous_high_bw,sync_ps,sync_ps,2,0,32,success,ps,2,0.016672021660140795,0.002977550000650808,0.005842400001711212,0.010829621658429583,0.6495685933710649,0.43082664421817307,0.5365451614327598,3838.7666057926367,0.9621500896616609,0.0,0,,,
heterogeneous_high_bw,sync_ps,sync_ps,2,0,33,success,ps,2,0.01671804187814543,0.0029150000045774505,0.005712900005164556,0.011005141872980875,0.6582793579053828,0.6226069896526487,0.5362696742977905,3828.199526384944,0.9598284717782881,0.0,0,,,
heterogeneous_high_bw,sync_ps,sync_ps,2,0,34,success,ps,2,0.016083100002594292,0.0027831000043079257,0.005443100002594292,0.01064,0.6615640018580814,0.5049088386652236,0.5340287472921499,3979.332342003497,0.955768744642024,0.0,0,,,
heterogeneous_high_bw,sync_ps,sync_ps,2,0,35,success,ps,2,0.01587689998954069,0.0026737999942270108,0.005236899989540689,0.01064,0.6701560132651444,0.644445293638285,0.5339321708565374,4031.0136136249284,0.9585982496406078,0.0,0,,,
heterogeneous_high_bw,sync_ps,sync_ps,4,0,0,success,ps,4,0.0251208593232968,0.0015784749994054437,0.005839299992658198,0.019281559330638603,0.7675517418608806,1.090483871556493,0.9210843164495847,5095.367095236836,1.558639337715127,1.0,0,,,
heterogeneous_high_bw,sync_ps,sync_ps,4,0,1,success,ps,4,0.02448479999249801,0.001406424995366251,0.00520479999249801,0.01928,0.787427302077504,0.9359247884299398,0.8200272100700817,5227.733125825754,1.5594543357723831,1.0,0,,,
heterogeneous_high_bw,sync_ps,sync_ps,4,0,2,success,ps,4,0.02470989998939447,0.0014384499991138,0.005429899989394471,0.01928,0.7802540685423659,0.8228378219970567,0.7449629799899784,5180.109998621517,1.6020597563221772,1.0,0,,,
heterogeneous_high_bw,sync_ps,sync_ps,4,0,3,success,ps,4,0.024944549211500276,0.0013788249998469837,0.005243100007646717,0.01970144920385356,0.7898097911815751,0.7279612241756976,0.6912429969645709,5131.381566157455,1.6180856569886604,1.0,0,,,
heterogeneous_high_bw,sync_ps,sync_ps,4,0,4,success,ps,4,0.02466529999903403,0.001437074999557808,0.005385299999034032,0.01928,0.7816649301145765,0.6978191196836818,0.6532797157275128,5189.47671445362,1.586217056116263,1.0,0,,,
heterogeneous_high_bw,sync_ps,sync_ps,4,0,5,success,ps,4,0.02464031324900974,0.0014181000042299274,0.005304899998009205,0.019335413251000536,0.7847064708796914,0.6703839070655974,0.628937289180765,5194.739153940916,1.5825009591927852,1.0,0,,,
heterogeneous_high_bw,sync_ps,sync_ps,4,0,6,success,ps,4,0.02506195277480972,0.0015719250004622154,0.005638900009216741,0.019423052765592978,0.7750015707122186,0.6105660870238245,0.605391888988347,5107.343436089123,1.4937638397848232,1.0,0,,,
heterogeneous_high_bw,sync_ps,sync_ps,4,0,7,success,ps,4,0.025044274259314554,0.0015265250040101819,0.005633799999486655,0.0194104742598279,0.7750463862057687,0.6082016156343036,0.5840897587946624,5110.94866134497,1.5534401454932603,1.0,0,,,
heterogeneous_high_bw,sync_ps,sync_ps,4,0,8,success,ps,4,0.02483440000607632,0.001512150003691204,0.005554400006076321,0.01928,0.7763424924815052,0.5740232288842423,0.5704427107789548,5154.141028922857,1.543370703632945,1.0,0,,,
heterogeneous_high_bw,sync_ps,sync_ps,4,0,9,success,ps,4,0.02460530200874121,0.0014135249984974507,0.005174999998416752,0.01943030201032446,0.7896794765380934,0.5681113222718658,0.5562918601126341,5202.130823451265,1.536392455151598,1.0,0,,,
heterogeneous_high_bw,sync_ps,sync_ps,4,0,10,success,ps,4,0.024942428266443818,0.0014743499959877227,0.005545799998799339,0.01939662826764448,0.7776559707997495,0.545357301004487,0.548168098749504,5131.817906126013,1.5943671027791926,1.0,0,,,
heterogeneous_high_bw,sync_ps,sync_ps,4,0,11,success,ps,4,0.02491630000397097,0.0015102500037755817,0.005636300003970973,0.01928,0.7737906509765614,0.5766047957154309,0.5410157964849887,5137.1993425829805,1.577535971673603,1.0,0,,,
heterogeneous_high_bw,sync_ps,sync_ps,4,0,12,success,ps,4,0.024979843636539305,0.0014957999956095591,0.0056966999982250854,0.01928314363831422,0.7719481322176001,0.5508619576320557,0.5326276607324267,5124.131354159791,1.6214847725069157,1.0,0,,,
heterogeneous_high_bw,sync_ps,sync_ps,4,0,13,success,ps,4,0.02451039999825414,0.0013789999975415412,0.005230399998254143,0.01928,0.7866048698255964,0.4950631853806107,0.522193461400363,5222.272994692757,1.6124791970893368,1.0,0,,,
heterogeneous_high_bw,sync_ps,sync_ps,4,0,14,success,ps,4,0.024753400000482796,0.0014301999945018906,0.005473400000482798,0.01928,0.7788829009196295,0.5407612205544,0.5164621508167576,5171.006811084678,1.6321939416067441,1.0,0,,,
heterogeneous_high_bw,sync_ps,sync_ps,4,0,15,success,ps,4,0.024551800007903947,0.0013776000050711446,0.005271800007903948,0.01928,0.7852784722013538,0.5045880539404046,0.5102605248433039,5213.467035361686,1.632062912704464,1.0,0,,,
heterogeneous_high_bw,sync_ps,sync_ps,4,0,16,success,ps,4,0.024902875959598152,0.0014182999984768685,0.0054509000037796795,0.019451975955818473,0.7811136347214236,0.4986965947019406,0.5054318796746451,5139.968580643626,1.6415675189990888,1.0,0,,,
heterogeneous_high_bw,sync_ps,sync_ps,4,0,17,success,ps,4,0.024859899996519087,0.0014611000042350497,0.005579899996519089,0.01928,0.7755461607930686,0.583261514935399,0.5030652773066566,5148.854179539046,1.627541908854021,1.0,0,,,
heterogeneous_high_bw,sync_ps,sync_ps,4,0,18,success,ps,4,0.02515253444551334,0.0015106999999261461,0.005761100008385256,0.019391434437128083,0.7709534989062341,0.5205550500034374,0.4994803119841472,5088.950390954833,1.6244177909216773,1.0,0,,,
heterogeneous_high_bw,sync_ps,sync_ps,4,0,19,success,ps,4,0.02463039674724471,0.0014892749968566932,0.005300299992086366,0.019330096755158344,0.7848065523881873,0.5436639134113834,0.49338309735107505,5196.8306200475145,1.4808772345668257,1.0,0,,,
heterogeneous_high_bw,sync_ps,sync_ps,4,0,20,success,ps,4,0.02492669999585021,0.0014825250036665238,0.005646699995850213,0.01928,0.7734678077406848,0.4798360162519839,0.48826538783305135,5135.055985000397,1.6216978620023677,1.0,0,,,
heterogeneous_high_bw,sync_ps,sync_ps,4,0,21,success,ps,4,0.024525799999102017,0.001384949999192031,0.005245799999102019,0.01928,0.7861109525767116,0.45488446407235394,0.48386289645159486,5218.993876027961,1.6094993201607881,1.0,0,,,
heterogeneous_high_bw,sync_ps,sync_ps,4,0,22,success,ps,4,0.02456489999123849,0.0013995249937579501,0.00528489999123849,0.01928,0.7848596984671852,0.5054259250727546,0.481660422701263,5210.686794802889,1.6028769397524292,1.0,0,,,
heterogeneous_high_bw,sync_ps,sync_ps,4,0,23,success,ps,4,0.024586899998686275,0.0013991749947308563,0.005306899998686276,0.01928,0.7841574172030702,0.44703852129052,0.4786522537644968,5206.0243465764,1.6124924336264763,1.0,0,,,
heterogeneous_high_bw,sync_ps,sync_ps,4,0,24,success,ps,4,0.02491290912166672,0.0014482750011666212,0.005519700003787875,0.019393209117878844,0.7784401662274198,0.423147099544539,0.4742352663110291,5137.898563948865,1.623069506195808,1.0,0,,,
heterogeneous_high_bw,sync_ps,sync_ps,4,0,25,success,ps,4,0.024715361486746145,0.0014145500026643276,0.005391300001065247,0.0193240614856809,0.781864408337447,0.45309172669696174,0.4733326255079395,5178.96531955,1.6231212491927711,1.0,0,,,
heterogeneous_high_bw,sync_ps,sync_ps,4,0,26,success,ps,4,0.024644600001485086,0.0014107999995758291,0.005364600001485087,0.01928,0.7823214821436819,0.49930062530521047,0.46977794733588724,5193.835566099134,1.6180420624876712,1.0,0,,,
heterogeneous_high_bw,sync_ps,sync_ps,4,0,27,success,ps,4,0.02449600000502076,0.0013793500074825715,0.00521600000502076,0.01928,0.7870672761286873,0.45862399679502225,0.4668050519880557,5225.342912057676,1.6059031592065376,1.0,0,,,
heterogeneous_high_bw,sync_ps,sync_ps,4,0,28,success,ps,4,0.02459166764440139,0.0013919000011810567,0.005215699988184497,0.019375967656216894,0.7879078367679584,0.4518515865444373,0.4655912202054291,5205.015042123052,1.58617111143596,1.0,0,,,
heterogeneous_high_bw,sync_ps,sync_ps,4,0,29,success,ps,4,0.024514399999608284,0.0013715499990212265,0.005234399999608286,0.01928,0.7864765199355511,0.4156100612533091,0.4622429959738479,5221.420879240173,1.626086864281839,1.0,0,,,
heterogeneous_high_bw,sync_ps,sync_ps,4,0,30,success,ps,4,0.024763799992362036,0.0014542999997502193,0.005483799992362037,0.01928,0.7785557953927338,0.378021899391623,0.4610089611917993,5168.8351561343325,1.5997600050808358,1.0,0,,,
heterogeneous_high_bw,sync_ps,sync_ps,4,0,31,success,ps,4,0.02479162858988752,0.0014481749931292143,0.005474099991261028,0.019317528598626493,0.7791956276122212,0.38493097822081623,0.4581452786498715,5163.033139832171,1.6050576360534856,1.0,0,,,
heterogeneous_high_bw,sync_ps,sync_ps,4,0,32,success,ps,4,0.025167163355568057,0.0014860000010230578,0.005628200000501238,0.01953896335506682,0.7763673274979542,0.4271073003191874,0.45760029473590946,5085.992338174295,1.609355527604884,1.0,0,,,
heterogeneous_high_bw,sync_ps,sync_ps,4,0,33,success,ps,4,0.024944800002705304,0.001497475001087878,0.005664800002705306,0.01928,0.7729065776397906,0.4053497485043894,0.4556497856786504,5131.329976031806,1.6067376423118571,1.0,0,,,
heterogeneous_high_bw,sync_ps,sync_ps,4,0,34,success,ps,4,0.024578900010529904,0.0013945500031695701,0.0052989000105299056,0.01928,0.7844126462836095,0.5107973270345393,0.4545601514804859,5207.718813501142,1.6164400776805345,1.0,0,,,
heterogeneous_high_bw,sync_ps,sync_ps,4,0,35,success,ps,4,0.02471356342775424,0.0013982500022393651,0.0053050999995321035,0.019408463428222136,0.7853365009444861,0.5926943528333359,0.4521169995817048,5179.342120135185,1.6131999589924653,1.0,0,,,
heterogeneous_high_bw,async_ps_ssp,async_ps_ssp,2,0,0,success,ps,2,0.009800976786031972,0.002718299991101958,0.005283099992084317,0.010896425838353868,1.111769375260953,1.1038901095151383,1.0091648933305732,6529.961390298433,0.9435308863754573,0.0,0,,,
heterogeneous_high_bw,async_ps_ssp,async_ps_ssp,2,0,1,success,ps,2,0.009745477011967697,0.002653700008522719,0.005197600010433234,0.01091042615914612,1.1195374167675771,1.007016132849674,0.9477043846715667,6567.149039642323,0.9586238055476541,0.0,0,,,
heterogeneous_high_bw,async_ps_ssp,async_ps_ssp,2,0,2,success,ps,2,0.009552199998960365,0.0026361999989603646,0.005194900004426017,0.01064,1.1138795252568026,0.95201268447128,0.9019266593094298,6700.027219589789,0.9706016256369483,0.0,0,,,
heterogeneous_high_bw,async_ps_ssp,async_ps_ssp,2,0,3,success,ps,2,0.009703349993013777,0.002787349993013777,0.005460299988044426,0.01064,1.0965285192908214,0.8617618278046609,0.8574679727555291,6595.660266410956,0.9589574329636329,0.0,0,,,
heterogeneous_high_bw,async_ps_ssp,async_ps_ssp,2,0,4,success,ps,2,0.009623301163575923,0.002651749993674457,0.0051955999952042475,0.010725463338309947,1.1145305707469382,0.8739865522080645,0.8280863671565659,6650.524483452645,0.9593098921989767,0.0,0,,,
heterogeneous_high_bw,async_ps_ssp,async_ps_ssp,2,0,5,success,ps,2,0.009558249994096346,0.002642249994096346,0.005191399992327206,0.01064,1.1131744834642112,0.7798730156708991,0.79935303847196,6695.786366702022,0.9647648795389281,0.0,0,,,
heterogeneous_high_bw,async_ps_ssp,async_ps_ssp,2,0,6,success,ps,2,0.009565195632708464,0.002637899997353088,0.005177300001378171,0.010657377900546732,1.1141829513767099,0.7605823248526556,0.7764439797203533,6690.924311171446,0.962659693548087,0.0,0,,,
heterogeneous_high_bw,async_ps_ssp,async_ps_ssp,2,0,7,success,ps,2,0.009693755638942647,0.002642250001372304,0.005189299990888685,0.010848470211646684,1.1191194224109808,0.7968781920069264,0.76080670667292,6602.188293553977,0.9639700964063019,0.0,0,,,
heterogeneous_high_bw,async_ps_ssp,async_ps_ssp,2,0,8,success,ps,2,0.009555655019181637,0.0026310500034014694,0.005157700012205169,0.010653238485815642,1.1148621904443767,0.822973087098138,0.7474930914809124,6697.60470334362,0.9603200260644533,0.0,0,,,
heterogeneous_high_bw,async_ps_ssp,async_ps_ssp,2,0,9,success,ps,2,0.010091423312937903,0.002918799997132737,0.005734699996537529,0.011034805101238715,1.0934835215059635,0.695851554019443,0.7322636251131809,6342.0191597698185,0.9647457863526879,0.0,0,,,
heterogeneous_high_bw,async_ps_ssp,async_ps_ssp,2,0,10,success,ps,2,0.00975804999479698,0.00284204999479698,0.005424099988886155,0.01064,1.0903817879262023,0.690361464620989,0.7199225642241506,6558.687446172645,0.9085167389411477,0.0,0,,,
heterogeneous_high_bw,async_ps_ssp,async_ps_ssp,2,0,11,success,ps,2,0.009855616342730293,0.0028781000000890344,0.0056650000042282045,0.010734640527140396,1.0891901788626837,0.7423651142434218,0.7104754162990123,6493.759271301965,0.9683124294099039,0.0,0,,,
heterogeneous_high_bw,async_ps_ssp,async_ps_ssp,2,0,12,success,ps,2,0.009694822263589767,0.0027414500000304542,0.005407099990407005,0.01069749579009125,1.1034236109997768,0.7361132497354359,0.7047998596658628,6601.461920592476,0.9723503946359,0.0,0,,,
heterogeneous_high_bw,async_ps_ssp,async_ps_ssp,2,0,13,success,ps,2,0.009684049998849165,0.0027680499988491647,0.0054533999937120825,0.01064,1.0987138646810413,0.6254625172120907,0.6959442594722679,6608.8052010889705,0.9701233702459301,0.0,0,,,
heterogeneous_high_bw,async_ps_ssp,async_ps_ssp,2,0,14,success,ps,2,0.009632046122208495,0.0026867999986279756,0.0052912000101059675,0.010684994036277724,1.1093171586503785,0.6393117294912269,0.688126421337153,6644.486455731972,0.9693315512277084,0.0,0,,,
heterogeneous_high_bw,async_ps_ssp,async_ps_ssp,2,0,15,success,ps,2,0.009655399998972658,0.002739399998972658,0.005364299999200739,0.01064,1.1019740250152354,0.7501410645265566,0.6817165923622384,6628.415188061566,0.9582025261934293,0.0,0,,,
heterogeneous_high_bw,async_ps_ssp,async_ps_ssp,2,0,16,success,ps,2,0.009640149999266956,0.002724149999266956,0.0053666000021621585,0.01064,1.1037172658941068,0.6776684298637399,0.6747143394623208,6638.900847483349,0.970008994598775,0.0,0,,,
heterogeneous_high_bw,async_ps_ssp,async_ps_ssp,2,0,17,success,ps,2,0.009795390646013848,0.002787450001051184,0.005455500009702519,0.010781447146096405,1.1006653573825385,0.6021242645915843,0.6675928606522248,6533.68531310635,0.9571651533437419,0.0,0,,,
heterogeneous_high_bw,async_ps_ssp,async_ps_ssp,2,0,18,success,ps,2,0.009587589104016591,0.002665549996891059,0.005250499991234392,0.010649290934039279,1.1107371017368592,0.6996200788573457,0.6628310980962039,6675.296501097243,0.9697623366241506,0.0,0,,,
heterogeneous_high_bw,async_ps_ssp,async_ps_ssp,2,0,19,success,ps,2,0.009706050006296952,0.0027900500062969513,0.0054751999996369705,0.01064,1.0962234887618685,0.6895604171867035,0.6576495678163411,6593.825496311991,0.9624021025850497,0.0,0,,,
heterogeneous_high_bw,async_ps_ssp,async_ps_ssp,2,0,20,success,ps,2,0.009720800002195407,0.0028048000021954067,0.005507699999725446,0.01064,1.0945601182615623,0.5714244306608496,0.6509922617334972,6583.8202602199235,0.9636694218663447,0.0,0,,,
heterogeneous_high_bw,async_ps_ssp,async_ps_ssp,2,0,21,success,ps,2,0.009649898628040755,0.0027251000065007247,0.005353300002752803,0.010653536340830817,1.1040050006197664,0.6469632834299022,0.6464942842985598,6632.194022642711,0.9644416678353335,0.0,0,,,
heterogeneous_high_bw,async_ps_ssp,async_ps_ssp,2,0,22,success,ps,2,0.009764550000635442,0.0028485500006354414,0.005586200000834651,0.01064,1.089655949255991,0.6627010694389854,0.6421014529257236,6554.321499284157,0.9610679112627265,0.0,0,,,
heterogeneous_high_bw,async_ps_ssp,async_ps_ssp,2,0,23,success,ps,2,0.009851468299835818,0.002892100004828535,0.0056798000005073845,0.010706720453857357,1.0868146887338401,0.6278082945970782,0.6390002120013847,6496.493522804779,0.9639016597146416,0.0,0,,,
heterogeneous_high_bw,async_ps_ssp,async_ps_ssp,2,0,24,success,ps,2,0.009571599993886426,0.002655599993886426,0.005228299996815622,0.01064,1.1116218821091544,0.6390557678121075,0.6368279225766104,6686.447411182884,0.9687829522078396,0.0,0,,,
heterogeneous_high_bw,async_ps_ssp,async_ps_ssp,2,0,25,success,ps,2,0.009695703698632225,0.002696599993214477,0.005302599995047785,0.010767851854488844,1.1105797154267274,0.6495723091004451,0.6325295619906167,6600.861782629402,0.9664021387764038,0.0,0,,,
heterogeneous_high_bw,async_ps_ssp,async_ps_ssp,2,0,26,success,ps,2,0.009583649991053622,0.002667649991053622,0.005227699992246926,0.01064,1.110224184932931,0.6772254238169013,0.6294849064364201,6678.040210122894,0.9596648768838353,0.0,0,,,
heterogeneous_high_bw,async_ps_ssp,async_ps_ssp,2,0,27,success,ps,2,0.009534400001665578,0.0026184000016655773,0.005146400013472885,0.01064,1.1159590533375234,0.6533930080964401,0.6266951454014378,6712.535659173073,0.9654751028237699,0.0,0,,,
heterogeneous_high_bw,async_ps_ssp,async_ps_ssp,2,0,28,success,ps,2,0.009762800001861993,0.0028468000018619932,0.005602399993222207,0.01064,1.089851271968155,0.5870084031094948,0.6230228547614188,6555.496372740782,0.9679640257797903,0.0,0,,,
heterogeneous_high_bw,async_ps_ssp,async_ps_ssp,2,0,29,success,ps,2,0.00964120771028832,0.0027112000025226735,0.005327699996996671,0.010661550319639456,1.1058314103390086,0.5357789076352268,0.619983846935757,6638.172511489858,0.9650708140581175,0.0,0,,,
heterogeneous_high_bw,async_ps_ssp,async_ps_ssp,2,0,30,success,ps,2,0.009775349995560479,0.0028593499955604784,0.005629499995848164,0.01064,1.0884520763790766,0.5266331578179286,0.6188138524066888,6547.080158671138,0.9688041000996409,0.0,0,,,
heterogeneous_high_bw,async_ps_ssp,async_ps_ssp,2,0,31,success,ps,2,0.009807290361494242,0.0027552000028663315,0.005422400005045347,0.010849369782504477,1.1062555897296247,0.5045635071586053,0.616735014311933,6525.757639569768,0.9680603943220721,0.0,0,,,
heterogeneous_high_bw,async_ps_ssp,async_ps_ssp,2,0,32,success,ps,2,0.009688350002487656,0.0027723500024876557,0.005462100001750514,0.01064,1.098226219869017,0.5757690913891568,0.6144339223177255,6605.871999212132,0.9702057806117966,0.0,0,,,
heterogeneous_high_bw,async_ps_ssp,async_ps_ssp,2,0,33,success,ps,2,0.010212898497833427,0.00293614999827696,0.005783999993582256,0.011194997691625333,1.0961626314018738,0.6793083570591713,0.6130125963292946,6266.5853394682235,0.9699266032071221,0.0,0,,,
heterogeneous_high_bw,async_ps_ssp,async_ps_ssp,2,0,34,success,ps,2,0.010010349995080848,0.0030943499950808473,0.006036299993866123,0.01064,1.06289989912726,0.4450021690301912,0.6107328948374661,6393.382851893293,0.950748946470634,0.0,0,,,
heterogeneous_high_bw,async_ps_ssp,async_ps_ssp,2,0,35,success,ps,2,0.010135814864700887,0.003049549995921552,0.005886999992071651,0.010901945951968209,1.0755865312749011,0.6154941703339804,0.6076041854595094,6314.243191525447,0.9304487544111218,0.0,0,,,
heterogeneous_high_bw,async_ps_ssp,async_ps_ssp,4,0,0,success,ps,4,0.014006674998462433,0.001474674998462433,0.0054087999887997285,0.01928,1.3764865681624254,1.09949335224568,1.0449943327478364,9138.500037592867,1.5403747545832673,1.0,0,,,
heterogeneous_high_bw,async_ps_ssp,async_ps_ssp,4,0,1,success,ps,4,0.014076127681175457,0.001437274997442728,0.005331399996066466,0.019444388744204198,1.381373427736658,1.0440582177855795,0.9948574722041303,9093.4099845641,1.5642865898853855,1.0,0,,,
heterogeneous_high_bw,async_ps_ssp,async_ps_ssp,4,0,2,success,ps,4,0.01403147500176495,0.0014994750017649494,0.005590700005996041,0.01928,1.3740536898348081,0.9751561852303019,0.9489208343503921,9122.348148280884,1.575273164823146,1.0,0,,,
heterogeneous_high_bw,async_ps_ssp,async_ps_ssp,4,0,3,success,ps,4,0.014141841049252637,0.0014358750013343524,0.005433400001493283,0.019547640073720438,1.3822556770112675,0.9360642297170736,0.9117476552142656,9051.155330780959,1.607373919308198,1.0,0,,,
heterogeneous_high_bw,async_ps_ssp,async_ps_ssp,4,0,4,success,ps,4,0.013969949998944532,0.0014379499989445321,0.0054176999983610585,0.01928,1.380105154381845,0.9171389211638898,0.8821617094704438,9162.523846518474,1.5979122941839115,1.0,0,,,
heterogeneous_high_bw,async_ps_ssp,async_ps_ssp,4,0,5,success,ps,4,0.014102826826990064,0.0014147000038065016,0.005280800003674813,0.019520195112590094,1.3841335040172402,0.8912133302409908,0.855222847561055,9076.194550941584,1.5777883777719164,1.0,0,,,
heterogeneous_high_bw,async_ps_ssp,async_ps_ssp,4,0,6,success,ps,4,0.01406311222156337,0.0014271750005718786,0.0052543000056175515,0.019439903416909984,1.3823329509596196,0.8576660166557033,0.8312517224715896,9101.825967351237,1.5482598462732435,1.0,0,,,
heterogeneous_high_bw,async_ps_ssp,async_ps_ssp,4,0,7,success,ps,4,0.01403012499876134,0.001498124998761341,0.005687099997885525,0.01928,1.3741859036681532,0.8516038468205748,0.81042936340004,9123.225916469068,1.6143936542843356,1.0,0,,,
heterogeneous_high_bw,async_ps_ssp,async_ps_ssp,4,0,8,success,ps,4,0.01391402499874751,0.0013820249987475108,0.005238500001723878,0.01928,1.3856522466888994,0.8258955774396226,0.7908223575862681,9199.351015361988,1.611110248512693,1.0,0,,,
heterogeneous_high_bw,async_ps_ssp,async_ps_ssp,4,0,9,success,ps,4,0.014015654241110148,0.0013944749989605043,0.005312299996148795,0.019417198834076374,1.3853936819533286,0.7903101546691544,0.7730469902018998,9132.645383371088,1.6220899336239933,1.0,0,,,
heterogeneous_high_bw,async_ps_ssp,async_ps_ssp,4,0,10,success,ps,4,0.013916600000164937,0.0013846000001649372,0.005232000010437332,0.01928,1.3853958581673322,0.7634776065457063,0.7574254841357051,9197.648850903452,1.6042931987528735,1.0,0,,,
heterogeneous_high_bw,async_ps_ssp,async_ps_ssp,4,0,11,success,ps,4,0.013996617323868967,0.0014058249980735127,0.005286699990392663,0.019370449731993006,1.383937938987575,0.7420542683414217,0.7424899536557151,9145.066771363156,1.5938460697499657,1.0,0,,,
heterogeneous_high_bw,async_ps_ssp,async_ps_ssp,4,0,12,success,ps,4,0.014045545972618428,0.0014686500035168137,0.00551899999845773,0.01934907072169479,1.3775947734189544,0.746244541559774,0.7304160437452233,9113.209287095995,1.5923548951507398,1.0,0,,,
heterogeneous_high_bw,async_ps_ssp,async_ps_ssp,4,0,13,success,ps,4,0.014046100000349572,0.001514100000349572,0.005572800000663847,0.01928,1.3726230056400117,0.7180976006766309,0.7181095309138622,9112.849829975183,1.5476609792078315,1.0,0,,,
heterogeneous_high_bw,async_ps_ssp,async_ps_ssp,4,0,14,success,ps,4,0.014043681897471561,0.0014475250027317088,0.0054912000050535426,0.019378702914984388,1.379887628932506,0.7686680652625444,0.7086228825104705,9114.418920514374,1.6128509889912894,1.0,0,,,
heterogeneous_high_bw,async_ps_ssp,async_ps_ssp,4,0,15,success,ps,4,0.014029868686161417,0.0014698500017402694,0.0056216000084532425,0.019323105668340227,1.3772834301293124,0.705798557296692,0.6992766084724545,9123.39258928737,1.6307951895533717,1.0,0,,,
heterogeneous_high_bw,async_ps_ssp,async_ps_ssp,4,0,16,success,ps,4,0.01400836634972173,0.001457399997889297,0.005536500000744127,0.019309179002819126,1.3784033427425815,0.6465250014262733,0.687882735227222,9137.396667423869,1.6159555600266773,1.0,0,,,
heterogeneous_high_bw,async_ps_ssp,async_ps_ssp,4,0,17,success,ps,4,0.014088358114087542,0.0014168749985401519,0.005393999992520548,0.019494589408534446,1.3837374980581296,0.7094602468113795,0.6798777943953113,9085.51578285105,1.6206274855594174,1.0,0,,,
heterogeneous_high_bw,async_ps_ssp,async_ps_ssp,4,0,18,success,ps,4,0.0139836366447952,0.0014290500039351173,0.005394699997850694,0.01931474867824628,1.3812393134110328,0.6523281675163872,0.6704378218488353,9153.55592049386,1.6021626722375826,1.0,0,,,
heterogeneous_high_bw,async_ps_ssp,async_ps_ssp,4,0,19,success,ps,4,0.01405234755892979,0.0014796000068599824,0.0055834000086179,0.019342688541645857,1.3764738212267056,0.6569453437546463,0.6626748410018231,9108.798331611173,1.6013316051307258,1.0,0,,,
heterogeneous_high_bw,async_ps_ssp,async_ps_ssp,4,0,20,success,ps,4,0.014061948796707519,0.001403099999151891,0.005205099994782358,0.019475151996239427,1.3849539831064783,0.6731282992309437,0.6555891940174966,9102.579013086015,1.5644744836681828,1.0,0,,,
heterogeneous_high_bw,async_ps_ssp,async_ps_ssp,4,0,21,success,ps,4,0.014032927593703826,0.0014239000011002645,0.00536409999767784,0.019398503988620863,1.3823561661733663,0.6691780163408165,0.6500899879644707,9121.403865678743,1.5976568226417402,1.0,0,,,
heterogeneous_high_bw,async_ps_ssp,async_ps_ssp,4,0,22,success,ps,4,0.014065124343567222,0.0015294999975594692,0.00578559999121353,0.019285575916935003,1.371162845478532,0.6623737347778775,0.6433468596389679,9100.523882573541,1.606597027445682,1.0,0,,,
heterogeneous_high_bw,async_ps_ssp,async_ps_ssp,4,0,23,success,ps,4,0.014019183214979676,0.0014795999995840248,0.0055514999985462055,0.01929166648522408,1.3760906173628351,0.6739001015333443,0.6378787530591287,9130.346471485613,1.5888959267469371,1.0,0,,,
heterogeneous_high_bw,async_ps_ssp,async_ps_ssp,4,0,24,success,ps,4,0.014040449997345451,0.0015084499973454513,0.0056859999895095825,0.01928,1.3731753614481843,0.6716332961664067,0.6322090292642357,9116.516922477573,1.5989387969215165,1.0,0,,,
heterogeneous_high_bw,async_ps_ssp,async_ps_ssp,4,0,25,success,ps,4,0.01404252499859361,0.0015105249985936098,0.00564420000591781,0.01928,1.3729724534534162,0.6255547638683551,0.6273139069443023,9115.169815458366,1.5799800209922896,1.0,0,,,
heterogeneous_high_bw,async_ps_ssp,async_ps_ssp,4,0,26,success,ps,4,0.013994600001104874,0.0014626000011048745,0.005395900006988086,0.01928,1.377674245671748,0.5777619746634057,0.62246595022268,9146.38503350538,1.5526560929053377,1.0,0,,,
heterogeneous_high_bw,async_ps_ssp,async_ps_ssp,4,0,27,success,ps,4,0.014101899995956802,0.0015698999959568027,0.005474999998114072,0.01928,1.3671916554172008,0.6416071519454056,0.6180182764864574,9076.791073309218,1.4365583521443555,1.0,0,,,
heterogeneous_high_bw,async_ps_ssp,async_ps_ssp,4,0,28,success,ps,4,0.0141105851178475,0.0015329500020015985,0.005534900003112853,0.019350207870532155,1.3713256898225588,0.6011271136380854,0.6135932665900453,9071.204271898101,1.5072738756904966,1.0,0,,,
heterogeneous_high_bw,async_ps_ssp,async_ps_ssp,4,0,29,success,ps,4,0.01436248062273422,0.0016680999942764174,0.006135699994047172,0.019529816351473543,1.359780170603677,0.5884150449156895,0.6088716148669062,8912.109499900047,1.5463473281987616,1.0,0,,,
heterogeneous_high_bw,async_ps_ssp,async_ps_ssp,4,0,30,success,ps,4,0.014058399999420391,0.0015263999994203914,0.005502200001501478,0.01928,1.3714220680016849,0.6218171147175003,0.6052403019065661,9104.876800011187,1.5046538931061941,1.0,0,,,
heterogeneous_high_bw,async_ps_ssp,async_ps_ssp,4,0,31,success,ps,4,0.014213583656022695,0.001597349993971875,0.005569000000832602,0.019409590249308953,1.3655662582380879,0.5905866579447787,0.6015062732846709,9005.469915095115,1.4371638573945926,1.0,0,,,
heterogeneous_high_bw,async_ps_ssp,async_ps_ssp,4,0,32,success,ps,4,0.014313337960899135,0.0016317249974235892,0.005676800006767735,0.01951017378996238,1.3630764426341253,0.676276692303596,0.5984344117973729,8942.707867980733,1.4341008084194795,1.0,0,,,
heterogeneous_high_bw,async_ps_ssp,async_ps_ssp,4,0,33,success,ps,4,0.01402315000385791,0.0014911500038579106,0.005492900003446266,0.01928,1.3748694119863138,0.6230074486458783,0.5952726539223154,9127.76373102947,1.549490978389268,1.0,0,,,
heterogeneous_high_bw,async_ps_ssp,async_ps_ssp,4,0,34,success,ps,4,0.014076675970499719,0.0014891000028001145,0.005450700002256781,0.019365501488768623,1.3757155119115207,0.610692576124523,0.591762017288347,9093.055794439519,1.536090874590847,1.0,0,,,
heterogeneous_high_bw,async_ps_ssp,async_ps_ssp,4,0,35,success,ps,4,0.014040725003077415,0.0015087250030774157,0.005448500000056811,0.01928,1.3731484660353543,0.5637235528519458,0.5887050153156853,9116.338363720195,1.5081081996568588,1.0,0,,,
heterogeneous_high_bw,ring_allreduce,ring_allreduce,2,0,0,success,ring,2,0.10641862123441921,0.0028180500012240373,0.0053635000076610595,0.004161729567624451,0.03910715548979894,1.0837141952725053,0.9758060003168008,601.3985076824162,0.9032664446791661,0.0,0,,,
heterogeneous_high_bw,ring_allreduce,ring_allreduce,2,0,1,success,ring,2,0.11286860255937571,0.002839700006006751,0.005502700005308725,0.0041600000000000005,0.03685701697078768,0.9886597406912129,0.8842378190431133,567.0310303198104,0.9377751145301323,0.0,0,,,
heterogeneous_high_bw,ring_allreduce,ring_allreduce,2,0,2,success,ring,2,0.1173518096298088,0.00290724999649683,0.005665899996529333,0.0041600000000000005,0.03544896336173166,0.965307013842814,0.8302137319783569,545.3686671035639,0.9488864055061406,0.0,0,,,
heterogeneous_high_bw,ring_allreduce,ring_allreduce,2,0,3,success,ring,2,0.12064105709306061,0.0030300499929580837,0.0058794999931706116,0.004180271047212982,0.034650484237620585,0.8676737866289385,0.7878980861129757,530.4993303451528,0.9403970250967237,0.0,0,,,
heterogeneous_high_bw,ring_allreduce,ring_allreduce,2,0,4,success,ring,2,0.11330559441778433,0.002755100002104882,0.005401000002166256,0.004166030371057969,0.03676809068841594,0.7919449587891938,0.757898535164473,564.8441308556837,0.960364414024738,0.0,0,,,
heterogeneous_high_bw,ring_allreduce,ring_allreduce,2,0,5,success,ring,2,0.11518273906012926,0.0028037499942001887,0.005493499993463047,0.004286534626802486,0.03721507807315444,0.7281189005133292,0.7218781638740848,555.6388094451362,0.9593401707953669,0.0,0,,,
heterogeneous_high_bw,ring_allreduce,ring_allreduce,2,0,6,success,ring,2,0.112244969791185,0.0027521999945747666,0.005379199996241368,0.004175860472856578,0.037203096767945525,0.7662872260676502,0.7096947762869323,570.1814532897326,0.9545091221170436,0.0,0,,,
heterogeneous_high_bw,ring_allreduce,ring_allreduce,2,0,7,success,ring,2,0.10825943626581319,0.002653499999723863,0.005184699999517761,0.0041600000000000005,0.038426211547839643,0.7048258447191473,0.6906381252950929,591.172485351379,0.9539099299428673,0.0,0,,,
heterogeneous_high_bw,ring_allreduce,ring_allreduce,2,0,8,success,ring,2,0.10977262163962538,0.0026890000008279458,0.005256100004771724,0.0041600000000000005,0.03789651679866901,0.7673217649596982,0.6840132949393465,583.0233353641386,0.9546671633316098,0.0,0,,,
heterogeneous_high_bw,ring_allreduce,ring_allreduce,2,0,9,success,ring,2,0.10825298109444678,0.0026225499968859367,0.005142299996805377,0.004296088987053584,0.03968564138945423,0.7473292083806913,0.6686473784521944,591.2077372184543,0.9608015107245375,0.0,0,,,
heterogeneous_high_bw,ring_allreduce,ring_allreduce,2,0,10,success,ring,2,0.11763352249142837,0.0028687000085483305,0.005620900003123097,0.0041600000000000005,0.03536406894814467,0.6754467142602958,0.6681072635150834,544.0625992022257,0.9593892653167639,0.0,0,,,
heterogeneous_high_bw,ring_allreduce,ring_allreduce,2,0,11,success,ring,2,0.11069892121756109,0.0026918000003206544,0.005266799998935312,0.0046667598744820835,0.042157229927383945,0.6756473760364275,0.6606042190483158,578.1447488021876,0.9566089595628605,0.0,0,,,
heterogeneous_high_bw,ring_allreduce,ring_allreduce,2,0,12,success,ring,2,0.11502780979895855,0.0028018000011797994,0.005490499999723397,0.0041600000000000005,0.03616516742577902,0.679981973512402,0.6469574074611317,556.387191165831,0.9596330917452317,0.0,0,,,
heterogeneous_high_bw,ring_allreduce,ring_allreduce,2,0,13,success,ring,2,0.11645580192871947,0.002835949999280274,0.005557800002861768,0.0042141890504579565,0.03618702529769523,0.6425970022467147,0.6403719265404255,549.5647184600838,0.9597665696900497,0.0,0,,,
heterogeneous_high_bw,ring_allreduce,ring_allreduce,2,0,14,success,ring,2,0.11607198780837108,0.002821300004143268,0.005533300005481578,0.0041600000000000005,0.035839827322229956,0.6810742527675238,0.6291851047275652,551.3819588035377,0.9612589928027143,0.0,0,,,
heterogeneous_high_bw,ring_allreduce,ring_allreduce,2,0,15,success,ring,2,0.12514581763365384,0.003016599999682512,0.005932100000791252,0.004547951174127526,0.03634121587219951,0.5886066506194927,0.62435749998607,511.4034268995763,0.9664854473410799,0.0,0,,,
heterogeneous_high_bw,ring_allreduce,ring_allreduce,2,0,16,success,ring,2,0.1108984341008335,0.0026985999938915484,0.005285399995045736,0.0042843989678178745,0.038633538900308725,0.6767501105533213,0.6237542153962378,577.1046319897405,0.9585711131886913,0.0,0,,,
heterogeneous_high_bw,ring_allreduce,ring_allreduce,2,0,17,success,ring,2,0.10893996565530517,0.0026564500003587455,0.005199999999604188,0.0041600000000000005,0.038186169556566375,0.5837665443609085,0.6177025569890425,587.4795316394826,0.9574996698392382,0.0,0,,,
heterogeneous_high_bw,ring_allreduce,ring_allreduce,2,0,18,success,ring,2,0.10950312964987442,0.0026476499915588647,0.005196299985982478,0.004266794406072866,0.03896504528880156,0.6413356904385323,0.6045700756518954,584.4581812833455,0.9626083514008694,0.0,0,,,
heterogeneous_high_bw,ring_allreduce,ring_allreduce,2,0,19,success,ring,2,0.10952205319696395,0.0026535500001045875,0.005201299994951114,0.004442386261003867,0.04056156848168926,0.6965231840732218,0.5989921912011336,584.3571968551639,0.9601288816061427,0.0,0,,,
heterogeneous_high_bw,ring_allreduce,ring_allreduce,2,0,20,success,ring,2,0.11817573400299912,0.0028711999984807335,0.005626900005154312,0.004537909056638218,0.03839966889076443,0.7699235956297427,0.6069897493293582,541.5663421931932,0.9597729197450391,0.0,0,,,
heterogeneous_high_bw,ring_allreduce,ring_allreduce,2,0,21,success,ring,2,0.1112856371942114,0.0026980500042554922,0.005293300011544488,0.0041600000000000005,0.03738128391842811,0.614574819683418,0.6115015951206353,575.0966756681248,0.961898408937472,0.0,0,,,
heterogeneous_high_bw,ring_allreduce,ring_allreduce,2,0,22,success,ring,2,0.10862465761428701,0.0026234500110149384,0.005152000012458302,0.0041600000000000005,0.03829701369252326,0.605246824894204,0.6017607499877102,589.1848260388193,0.9638262554510475,0.0,0,,,
heterogeneous_high_bw,ring_allreduce,ring_allreduce,2,0,23,success,ring,2,0.12007920353932083,0.0029273999971337616,0.005737999992561527,0.0041600000000000005,0.03464380073638461,0.5303473920124249,0.5946471712195812,532.9815497905324,0.9601011126663738,0.0,0,,,
heterogeneous_high_bw,ring_allreduce,ring_allreduce,2,0,24,success,ring,2,0.10949239671395863,0.002645250002387911,0.005194600002141669,0.004172262284296572,0.038105497820057045,0.5460927375376055,0.6049713014539326,584.5154724961917,0.9637463364478486,0.0,0,,,
heterogeneous_high_bw,ring_allreduce,ring_allreduce,2,0,25,success,ring,2,0.11816014356509381,0.002846350005711429,0.005600800010142848,0.0041600000000000005,0.03520645688542413,0.683485287482415,0.5947012531193953,541.6377982372942,0.9677130352685657,0.0,0,,,
heterogeneous_high_bw,ring_allreduce,ring_allreduce,2,0,26,success,ring,2,0.11948556831596319,0.002906599998823367,0.005701100002625026,0.0041600000000000005,0.03481592010341744,0.6590448836525449,0.5966798828811816,535.629540052576,0.9614326030315418,0.0,0,,,
heterogeneous_high_bw,ring_allreduce,ring_allreduce,2,0,27,success,ring,2,0.10854768156123483,0.0026397500041639432,0.005171800003154203,0.0041600000000000005,0.03832417183091309,0.5720548648072128,0.5928937740160983,589.6026435525091,0.9592006796238288,0.0,0,,,
heterogeneous_high_bw,ring_allreduce,ring_allreduce,2,0,28,success,ring,2,0.10918830639338621,0.002653600000485312,0.005200499988859519,0.0041600000000000005,0.03809931793439724,0.49032917374846435,0.5922069629893232,586.1433528368806,0.9597904684008964,0.0,0,,,
heterogeneous_high_bw,ring_allreduce,ring_allreduce,2,0,29,success,ring,2,0.1139270457445428,0.002792749997752253,0.005460100001073442,0.004168331384832243,0.03658772469338704,0.7222009848423236,0.5857699098096059,561.7630087899093,0.9550980232791729,0.0,0,,,
heterogeneous_high_bw,ring_allreduce,ring_allreduce,2,0,30,success,ring,2,0.1092648908558825,0.00268204999883892,0.005237299992586486,0.004233696087922803,0.03874708568104403,0.5907513414122665,0.584422584317819,585.732521203122,0.9527227284730078,0.0,0,,,
heterogeneous_high_bw,ring_allreduce,ring_allreduce,2,0,31,success,ring,2,0.11441355609092965,0.0028123000083724037,0.005493700009537861,0.0041600000000000005,0.03635932788151309,0.40996775273997776,0.5847355060612015,559.3742751002013,0.9534544651101579,0.0,0,,,
heterogeneous_high_bw,ring_allreduce,ring_allreduce,2,0,32,success,ring,2,0.10889690425625789,0.0026630499996826984,0.005207800000789575,0.0041600000000000005,0.038201269617459684,0.6904100099724374,0.5927376728422532,587.7118402686104,0.9555772518182182,0.0,0,,,
heterogeneous_high_bw,ring_allreduce,ring_allreduce,2,0,33,success,ring,2,0.10748821416316834,0.002740000003541354,0.005281700010527857,0.004217485456223539,0.03923672459402244,0.5753676337330457,0.5837559252039757,595.4141158475967,0.9276277382386192,0.0,0,,,
heterogeneous_high_bw,ring_allreduce,ring_allreduce,2,0,34,success,ring,2,0.10912213084118935,0.002666300002601929,0.005215800003497861,0.0041600000000000005,0.03812242271967954,0.5380158586940433,0.5824134975394796,586.4988110719929,0.956193975716082,0.0,0,,,
heterogeneous_high_bw,ring_allreduce,ring_allreduce,2,0,35,success,ring,2,0.11311647268405829,0.0027298499990138225,0.005357899994123727,0.00459664765167296,0.04063641256310827,0.6058154291827202,0.5829688181797106,565.7885052582587,0.9627085719349405,0.0,0,,,
heterogeneous_high_bw,ring_allreduce,ring_allreduce,4,0,0,success,ring,4,0.18013695029168952,0.0014233249967219308,0.005285499995807186,0.00924,0.05129430683176321,1.1033328962484559,0.9327050459669197,710.5704842495337,1.5666583145138255,1.0,0,,,
heterogeneous_high_bw,ring_allreduce,ring_allreduce,4,0,1,success,ring,4,0.19184304624636098,0.0014654999977210537,0.005529599991859868,0.00924,0.048164372807832596,0.952577328993823,0.8441109500183945,667.2120908444342,1.6011415519673322,1.0,0,,,
heterogeneous_high_bw,ring_allreduce,ring_allreduce,4,0,2,success,ring,4,0.1877705768871974,0.001450499999918975,0.00544419999641832,0.00924,0.04920898765492371,0.8377313267623674,0.7731138700136939,681.682945869073,1.5896401400081805,1.0,0,,,
heterogeneous_high_bw,ring_allreduce,ring_allreduce,4,0,3,success,ring,4,0.1956197219372569,0.00149049999890849,0.005632600004901178,0.00924,0.047234501248108504,0.7666826999019403,0.7269337134039663,654.3307532205507,1.6044732607950107,1.0,0,,,
heterogeneous_high_bw,ring_allreduce,ring_allreduce,4,0,4,success,ring,4,0.19848383038025147,0.0015086249986779876,0.0057087000022875145,0.009254347919421042,0.04662519814179191,0.748159232334837,0.6926813520625273,644.8888040641905,1.6073780579204102,1.0,0,,,
heterogeneous_high_bw,ring_allreduce,ring_allreduce,4,0,5,success,ring,4,0.19610368391927083,0.001484500004153233,0.005626000012853183,0.00924,0.04711793177635455,0.7037980356614921,0.6634129929832494,652.7159380274223,1.6107152816598052,1.0,0,,,
heterogeneous_high_bw,ring_allreduce,ring_allreduce,4,0,6,success,ring,4,0.18177582925134095,0.001384424995194422,0.0052241999947000295,0.00924,0.05083184072412552,0.6083520565170053,0.6370171970870099,704.1640273471934,1.6013134013473755,1.0,0,,,
heterogeneous_high_bw,ring_allreduce,ring_allreduce,4,0,7,success,ring,4,0.20175791126966214,0.0015300750055757817,0.005797199992230162,0.009273806546588199,0.04596502059437547,0.613852772028025,0.6167487731256306,634.423697165064,1.6101471829594929,1.0,0,,,
heterogeneous_high_bw,ring_allreduce,ring_allreduce,4,0,8,success,ring,4,0.18976274677471222,0.0014576499961549416,0.005484999986947514,0.009287270994670364,0.04894148694894411,0.5846192014593825,0.6016969718336228,674.5264925573753,1.5951729827667622,1.0,0,,,
heterogeneous_high_bw,ring_allreduce,ring_allreduce,4,0,9,success,ring,4,0.1850516660925173,0.0013964500030851923,0.005292700006975792,0.00924,0.04993200112762252,0.5225811471845379,0.5876527047965802,691.6987169194462,1.6108882598748946,1.0,0,,,
heterogeneous_high_bw,ring_allreduce,ring_allreduce,4,0,10,success,ring,4,0.1808989939016007,0.001430975000403123,0.005311800006893463,0.00924,0.05107822769332848,0.5816437464616031,0.5791882945324452,707.5771801673209,1.5658269671187528,1.0,0,,,
heterogeneous_high_bw,ring_allreduce,ring_allreduce,4,0,11,success,ring,4,0.19354830852260513,0.0014904500058037229,0.005605400001513772,0.00924,0.0477400193808505,0.5040165779495707,0.5667206161559626,661.3336018126475,1.5940245876550432,1.0,0,,,
heterogeneous_high_bw,ring_allreduce,ring_allreduce,4,0,12,success,ring,4,0.202826245147318,0.0015224749949993566,0.005793299991637468,0.009378940719630377,0.0462412579438041,0.4869009386231107,0.55634131495186,631.0820372729883,1.6195778287584415,1.0,0,,,
heterogeneous_high_bw,ring_allreduce,ring_allreduce,4,0,13,success,ring,4,0.19918920785858038,0.001531025001895614,0.0057662000035634264,0.00924,0.04638805535368252,0.5060392216884826,0.5482526994241436,642.605095808589,1.5970917392840571,1.0,0,,,
heterogeneous_high_bw,ring_allreduce,ring_allreduce,4,0,14,success,ring,4,0.18985703037115856,0.0014381750006577931,0.005445000002509914,0.00924,0.04866820039234987,0.4645971665676413,0.5426450647784902,674.1915205866649,1.608558588502312,1.0,0,,,
heterogeneous_high_bw,ring_allreduce,ring_allreduce,4,0,15,success,ring,4,0.1911989751141871,0.0014504000027955044,0.005488800001330674,0.00924,0.048326618876914605,0.3779936571886069,0.5370039211108363,669.4596554377781,1.6075478708467605,1.0,0,,,
heterogeneous_high_bw,ring_allreduce,ring_allreduce,4,0,16,success,ring,4,0.18716985876375622,0.0014316250053525437,0.005395900006988086,0.00924,0.049366922970554936,0.49794575469264124,0.5315144498992321,683.8707943972978,1.5987505192212978,1.0,0,,,
heterogeneous_high_bw,ring_allreduce,ring_allreduce,4,0,17,success,ring,4,0.19483242925193797,0.0014947000054235104,0.00562940000963863,0.009386445600155615,0.04817701876527954,0.5165475181589166,0.5260154379493156,656.9748192919316,1.5971203266268406,1.0,0,,,
heterogeneous_high_bw,ring_allreduce,ring_allreduce,4,0,18,success,ring,4,0.19553480811503324,0.0014879750051477458,0.005623200006084517,0.009461783517112457,0.04838925410940687,0.48818356807719776,0.5220908652042268,654.614905826371,1.6045118828832574,1.0,0,,,
heterogeneous_high_bw,ring_allreduce,ring_allreduce,4,0,19,success,ring,4,0.19377819147130926,0.0014657499959866982,0.005555399999138899,0.00924,0.04768338443992585,0.5569493658059141,0.5166321408136236,660.5490485184533,1.6108902284256144,1.0,0,,,
heterogeneous_high_bw,ring_allreduce,ring_allreduce,4,0,20,success,ring,4,0.18411501251276574,0.0013956500006315764,0.005274099996313453,0.009601298574612213,0.05214837423399409,0.5266262841357605,0.5149654269035228,695.2176156255864,1.6044407013531885,1.0,0,,,
heterogeneous_high_bw,ring_allreduce,ring_allreduce,4,0,21,success,ring,4,0.19127498762879092,0.0014385250033228658,0.005464200003189035,0.00924,0.048307413920382264,0.4561937391834028,0.5110584496045596,669.1936127498842,1.6157057531070518,1.0,0,,,
heterogeneous_high_bw,ring_allreduce,ring_allreduce,4,0,22,success,ring,4,0.190441856436564,0.00151604999700794,0.005614499998046085,0.009561380672886876,0.05020629840411035,0.3714445646580303,0.5082788776843535,672.1211523299589,1.5608333406948591,1.0,0,,,
heterogeneous_high_bw,ring_allreduce,ring_allreduce,4,0,23,success,ring,4,0.18849619768583284,0.0014848000027996022,0.00552419999439735,0.009435690544508444,0.050057723499733066,0.4786707649257028,0.5045909565264622,679.0587904236561,1.5706917501441637,1.0,0,,,
heterogeneous_high_bw,ring_allreduce,ring_allreduce,4,0,24,success,ring,4,0.18194806107309955,0.0015176750057435129,0.005505200009793043,0.009415480730310425,0.05174817843498567,0.4545765495933555,0.5007798233870859,703.4974665026776,1.5169964763848347,1.0,0,,,
heterogeneous_high_bw,ring_allreduce,ring_allreduce,4,0,25,success,ring,4,0.1856342332193209,0.0013994250002724584,0.005306699997163378,0.00924,0.049775301892098944,0.4729841783304257,0.49680703596940495,689.5279915788598,1.611995527480449,1.0,0,,,
heterogeneous_high_bw,ring_allreduce,ring_allreduce,4,0,26,success,ring,4,0.19653787150176008,0.0014949000033084303,0.005648799997288734,0.009640195316239445,0.04905006471566022,0.4257424017165899,0.4939165185836503,651.2739708736171,1.604313095482459,1.0,0,,,
heterogeneous_high_bw,ring_allreduce,ring_allreduce,4,0,27,success,ring,4,0.18474339939262066,0.0013788250034849625,0.0052469000074779615,0.009531868031038771,0.051595175050240576,0.4147836056188308,0.49089512738097746,692.8528998644852,1.6196671473810034,1.0,0,,,
heterogeneous_high_bw,ring_allreduce,ring_allreduce,4,0,28,success,ring,4,0.18536073449820048,0.0013882750026823487,0.005278199998429045,0.009307266634703328,0.05021164088445973,0.49182627138536406,0.48810943373235943,690.545386251923,1.6177415398800357,1.0,0,,,
heterogeneous_high_bw,ring_allreduce,ring_allreduce,4,0,29,success,ring,4,0.18785921634221897,0.0014779749981244095,0.005500299987033941,0.009507825391445941,0.050611439654500344,0.461402500833173,0.48371492171693664,681.3613007243958,1.5712878513099953,1.0,0,,,
heterogeneous_high_bw,ring_allreduce,ring_allreduce,4,0,30,success,ring,4,0.18632929461654935,0.001384874998620944,0.00528189999749884,0.009421614329879568,0.05056432134983654,0.45020523764678794,0.48197530381126596,686.9558555642776,1.6246595010360059,1.0,0,,,
heterogeneous_high_bw,ring_allreduce,ring_allreduce,4,0,31,success,ring,4,0.2012851657673488,0.0015121750002435874,0.005752900004154071,0.00924,0.045905022184694215,0.4645919637820406,0.48071845576519523,635.9137272338593,1.6191161468883195,1.0,0,,,
heterogeneous_high_bw,ring_allreduce,ring_allreduce,4,0,32,success,ring,4,0.1751245248445984,0.0015988000013749115,0.005567700005485676,0.009253059443508417,0.05283702811881646,0.5300909451300482,0.4819428320554822,730.9084784874326,1.439586950066115,1.0,0,,,
heterogeneous_high_bw,ring_allreduce,ring_allreduce,4,0,33,success,ring,4,0.20184357950244794,0.0015355750037997495,0.005810600006952882,0.00924,0.04577802287680861,0.4748513755581973,0.4813327279613849,634.1544294622838,1.6073467393382888,1.0,0,,,
heterogeneous_high_bw,ring_allreduce,ring_allreduce,4,0,34,success,ring,4,0.19633597966169808,0.001477124995290069,0.00561310000193771,0.00924,0.04706218399664304,0.4152160000052918,0.4819180876214814,651.943674412371,1.6166011615427331,1.0,0,,,
heterogeneous_high_bw,ring_allreduce,ring_allreduce,4,0,35,success,ring,4,0.1864047930451745,0.001436150007066317,0.005395600004703738,0.00924,0.04956954083128496,0.5092224231546771,0.4768051708758755,686.6776219052463,1.5917524732256563,1.0,0,,,
heterogeneous_high_bw,adaptive,ring_allreduce,2,0,0,success,ring,2,0.11255182331844933,0.002781999995931983,0.005423099995823577,0.0041600000000000005,0.0369607517439311,1.0922715281803685,1.0432448041967428,568.6269499066321,0.9493529844731219,0.0,0,,,
heterogeneous_high_bw,adaptive,ring_allreduce,2,0,1,success,ring,2,0.11727804471356496,0.0028729500045301393,0.0056203999993158504,0.0041600000000000005,0.0354712598607882,1.0590391101133778,0.9892663073619931,545.7116901659723,0.9563166743233077,0.0,0,,,
heterogeneous_high_bw,adaptive,ring_allreduce,2,0,2,success,ring,2,0.10814655554889716,0.0026586999956634827,0.005189499992411584,0.0041600000000000005,0.03846631988310628,0.9386962903555864,0.9404037439325549,591.7895366631735,0.9518937826472001,0.0,0,,,
heterogeneous_high_bw,adaptive,ring_allreduce,2,0,3,success,ring,2,0.11761768234324957,0.0028841500025009736,0.005640600007609464,0.0041600000000000005,0.0353688316001642,0.9300884337488351,0.9151586420627084,544.1358707717569,0.955723524006216,0.0,0,,,
heterogeneous_high_bw,adaptive,ring_allreduce,2,0,4,success,ring,2,0.11052380934549054,0.002721400000154972,0.005306999999447726,0.0043732788911658325,0.039568658708597666,0.8859792544377979,0.8854816526062765,579.0607506111194,0.9500992129769293,0.0,0,,,
heterogeneous_high_bw,adaptive,ring_allreduce,2,0,5,success,ps,2,0.11657222860346089,0.002857400002540089,0.0055884000030346215,0.0041600000000000005,0.03568602959587319,0.86685071212836,0.8602245981502428,549.0158399365106,0.9557639802306441,0.0,1,cv=0.956 > 0.300,,
heterogeneous_high_bw,adaptive,async_ps_ssp,2,0,6,success,ps,2,0.009656800002356991,0.002740800002356991,0.005370099999709055,0.01064,1.1018142653263021,0.8037328464575637,0.8469056211512869,6627.4542275266285,0.9593184450275978,0.0,0,,,
heterogeneous_high_bw,adaptive,async_ps_ssp,2,0,7,success,ps,2,0.009698299998216331,0.002782299998216331,0.005455299993627705,0.01064,1.0970994918652612,0.7868950774246748,0.8331796948132374,6599.094687911345,0.9607159530475711,0.0,0,,,
heterogeneous_high_bw,adaptive,async_ps_ssp,2,0,8,success,ps,2,0.009578117665842373,0.0026553499992587604,0.005203699998673983,0.010650411794744019,1.111952490699261,0.781830975484145,0.8289814739296505,6681.897449249111,0.9597039935100417,0.0,0,,,
heterogeneous_high_bw,adaptive,async_ps_ssp,2,0,9,success,ps,2,0.00959473202215931,0.0026739499953691848,0.005214099990553223,0.010647356964292502,1.1097086338317863,0.8126117573375735,0.8226631360234268,6670.32699320733,0.9499616666853057,0.0,0,,,
heterogeneous_high_bw,adaptive,async_ps_ssp,2,0,10,success,ps,2,0.009758749992851168,0.002842749992851168,0.005550299989408813,0.01064,1.0903035745146046,0.8766763968540742,0.8168530245181521,6558.216989561531,0.9524404194579339,0.0,0,,,
heterogeneous_high_bw,adaptive,async_ps_ssp,2,0,11,success,ps,2,0.009734793481143096,0.002795950000290759,0.005485200003022328,0.010675143816695903,1.0965968448508254,0.8736039364945116,0.7985191214673136,6574.356212483809,0.9618376585740334,0.0,0,,,
heterogeneous_high_bw,adaptive,async_ps_ssp,2,0,12,success,ps,2,0.009839200001532678,0.0029232000015326776,0.005604999998467974,0.01064,1.0813887306226706,0.7476405033931652,0.7974439476226914,6504.593868407041,0.9174192647139332,0.0,0,,,
heterogeneous_high_bw,adaptive,async_ps_ssp,2,0,13,success,ps,2,0.009738249996825122,0.0028222499968251213,0.00538560000131838,0.01064,1.0925987732363482,0.8109885392680397,0.7912464740065676,6572.022696158486,0.9082646847262377,0.0,0,,,
heterogeneous_high_bw,adaptive,async_ps_ssp,2,0,14,success,ps,2,0.009708799998132978,0.0027927999981329776,0.005434399994555861,0.01064,1.095912986367635,0.7890112174822642,0.7872203280803771,6591.9578127376535,0.9458607838882003,0.0,0,,,
heterogeneous_high_bw,adaptive,async_ps_ssp,2,0,15,success,ps,2,0.009635149997574277,0.0027191499975742772,0.005274099996313453,0.01064,1.104290021709958,0.707526251226132,0.7825283664316056,6642.345995247867,0.9396134821833307,0.0,0,,,
heterogeneous_high_bw,adaptive,async_ps_ssp,2,0,16,success,ps,2,0.00974631010816452,0.002742100004979875,0.005369200007407926,0.010775707851053301,1.1056192273244467,0.8374712814727048,0.778901136246624,6566.587692134582,0.9580613386451858,0.0,0,,,
heterogeneous_high_bw,adaptive,async_ps_ssp,2,0,17,success,ps,2,0.009687650004433468,0.002771650004433468,0.005430400007753633,0.01064,1.0983055741207308,0.8620457773775276,0.7773698822409169,6606.349318019433,0.9592661404246652,0.0,0,,,
heterogeneous_high_bw,adaptive,async_ps_ssp,2,0,18,success,ps,2,0.00977328184764859,0.002829199998814147,0.00552859999879729,0.010683202844360681,1.0931029116827338,0.7619946764521373,0.7756078164306597,6548.465602206911,0.9541213064330798,0.0,0,,,
heterogeneous_high_bw,adaptive,async_ps_ssp,2,0,19,success,ps,2,0.00970977862731159,0.0027451499991002493,0.005382800009101629,0.010714813274171292,1.1035074727690235,0.7703871316795855,0.777067676189009,6591.293422486615,0.9608400305648349,0.0,0,,,
heterogeneous_high_bw,adaptive,async_ps_ssp,2,0,20,success,ps,2,0.009750345780019022,0.002764900003967341,0.00534640000842046,0.010746839655464125,1.1022008755307096,0.7314388114159605,0.7687674999686525,6563.869778972612,0.9336684870394116,0.0,0,,,
heterogeneous_high_bw,adaptive,async_ps_ssp,2,0,21,success,ps,2,0.009836633778813504,0.0028437000000849366,0.005558000004384667,0.01075835965958241,1.0937033848666962,0.7724796252572921,0.7674142269115368,6506.290814429373,0.9544959043725296,0.0,0,,,
heterogeneous_high_bw,adaptive,async_ps_ssp,2,0,22,success,ps,2,0.009708749990476296,0.0027927499904762954,0.0054567999904975295,0.01064,1.0959186311767433,0.6809607737205527,0.7643807725901297,6591.991766476651,0.9539163935734082,0.0,0,,,
heterogeneous_high_bw,adaptive,async_ps_ssp,2,0,23,success,ps,2,0.009842601453782698,0.002681899997696746,0.005246799992164597,0.011016463778593773,1.119263421395564,0.6996618545706216,0.7627592230884734,6502.345980432195,0.9563742107141389,0.0,0,,,
heterogeneous_high_bw,adaptive,async_ps_ssp,2,0,24,success,ps,2,0.009606000001166482,0.0026900000011664815,0.005253600000287406,0.01064,1.1076410575377844,0.705047443451256,0.7587258587925573,6662.502601731034,0.9530111513220236,0.0,0,,,
heterogeneous_high_bw,adaptive,async_ps_ssp,2,0,25,success,ps,2,0.009846195688574519,0.0028422999967006035,0.005552899994654581,0.010775224141344486,1.0943540512655063,0.7347103643273757,0.7576216888596421,6499.972377581863,0.9536642860172501,0.0,0,,,
heterogeneous_high_bw,adaptive,async_ps_ssp,2,0,26,success,ps,2,0.00972509999855794,0.00280909999855794,0.005492199998116121,0.01064,1.0940761536208083,0.7759777591765855,0.7559895803360024,6580.909194711629,0.9551457762202884,0.0,0,,,
heterogeneous_high_bw,adaptive,async_ps_ssp,2,0,27,success,ps,2,0.009614649994272273,0.002698649994272273,0.005298299991409294,0.01064,1.1066445483027003,0.7960377687061876,0.7555143284586322,6656.50856121925,0.9633149914554727,0.0,0,,,
heterogeneous_high_bw,adaptive,async_ps_ssp,2,0,28,success,ps,2,0.00981374999691872,0.0028977499969187193,0.005677299996023066,0.01064,1.0841930967612485,0.7401536658596654,0.7513234065305657,6521.462236157886,0.9592097320682363,0.0,0,,,
heterogeneous_high_bw,adaptive,async_ps_ssp,2,0,29,success,ps,2,0.00985049010138353,0.002811600010318216,0.00546710001071915,0.01082906167856202,1.099342425311513,0.682491271988688,0.7487389288626822,6497.13865414788,0.9444800077219753,0.0,0,,,
heterogeneous_high_bw,adaptive,async_ps_ssp,2,0,30,success,ps,2,0.009762499999577645,0.002846499999577645,0.00557969999499619,0.01064,1.0898847631713513,0.7405354137189716,0.7475838633097466,6555.697823587076,0.9601967310254319,0.0,0,,,
heterogeneous_high_bw,adaptive,async_ps_ssp,2,0,31,success,ps,2,0.00966765000493871,0.0027516500049387105,0.005373500011046417,0.01064,1.1005776992924408,0.7554218783846989,0.7451041735340681,6620.016236345508,0.952828303181413,0.0,0,,,
heterogeneous_high_bw,adaptive,async_ps_ssp,2,0,32,success,ps,2,0.009754249994965736,0.002838249994965736,0.005529199988814071,0.01064,1.0908065720574527,0.7613821057574879,0.7417545656409218,6561.242538691445,0.948101822486824,0.0,0,,,
heterogeneous_high_bw,adaptive,async_ps_ssp,2,0,33,success,ps,2,0.009795873206310857,0.0027421500053605996,0.005377800000132993,0.01085188184761578,1.107801379117954,0.6439964243383607,0.7412596483505932,6533.3634533743125,0.9611618579066891,0.0,0,,,
heterogeneous_high_bw,adaptive,async_ps_ssp,2,0,34,success,ps,2,0.009634450006796047,0.002718450006796047,0.005320200012647547,0.01064,1.10437025388005,0.7265442663452581,0.7375867648231148,6642.8285947672175,0.957071124497463,0.0,0,,,
heterogeneous_high_bw,adaptive,async_ps_ssp,2,0,35,success,ps,2,0.00988103177542735,0.002766099998552818,0.005350899999029934,0.010946048887499279,1.1077839982986866,0.729221848690668,0.7371188500795419,6477.056389916531,0.9344564552601095,0.0,0,,,
heterogeneous_high_bw,adaptive,ring_allreduce,4,0,0,success,ring,4,0.16989938893301582,0.0014508249987557065,0.005203599997912534,0.00924,0.05438512791616304,1.1014330332387574,0.9143480536320713,753.3870533840767,1.4937330789978636,1.0,0,,,
heterogeneous_high_bw,adaptive,ring_allreduce,4,0,1,success,ring,4,0.17772583628908156,0.0013857000012649223,0.005170499993255362,0.009484594386096338,0.053366435539901384,0.8926100482118705,0.7931350153931912,720.2104245091324,1.5769339727535714,1.0,0,,,
heterogeneous_high_bw,adaptive,ring_allreduce,4,0,2,success,ring,4,0.18049773521862467,0.0014007249992573634,0.0052423000015551224,0.00924,0.051191778050889196,0.8041223122789574,0.7291235501239519,709.15017213353,1.5834217344278392,1.0,0,,,
heterogeneous_high_bw,adaptive,ring_allreduce,4,0,3,success,ring,4,0.1799899956034225,0.001451224998163525,0.0053423000063048676,0.00924873931938559,0.0513847410706294,0.7424764446594692,0.6836263470650465,711.1506368499855,1.5480126170613009,1.0,0,,,
heterogeneous_high_bw,adaptive,ring_allreduce,4,0,4,success,ring,4,0.18678290652779958,0.0015348999986599665,0.005607999992207624,0.009328112239243931,0.049940930959094985,0.6760931169938589,0.6483784211020525,685.2875478782064,1.5321575832304832,1.0,0,,,
heterogeneous_high_bw,adaptive,ring_allreduce,4,0,5,success,ps,4,0.1772377778974239,0.0014494999995804392,0.005299099997500889,0.00943251652084008,0.0532195598068214,0.6722390792477757,0.6263343927696965,722.1936627646044,1.5333373729097635,1.0,1,cv=1.533 > 0.300,,
heterogeneous_high_bw,adaptive,async_ps_ssp,4,0,6,success,ps,4,0.014068830516444206,0.0014385249924089294,0.00535519998811651,0.019431239267746578,1.3811552598515262,0.634609438142445,0.6179410457520712,9098.126518077572,1.5720295127568245,1.0,0,,,
heterogeneous_high_bw,adaptive,async_ps_ssp,4,0,7,success,ps,4,0.014143520192532026,0.0014765499981876928,0.005527300003450364,0.019487646452837435,1.3778497988872092,0.6023927766274348,0.6098859506073869,9050.080761901536,1.583951478918537,1.0,0,,,
heterogeneous_high_bw,adaptive,async_ps_ssp,4,0,8,success,ps,4,0.013958949998858617,0.0014269499988586176,0.005392799997935072,0.01928,1.3811927115991152,0.6122371917850007,0.6030720035856769,9169.744143396616,1.6046053360455972,1.0,0,,,
heterogeneous_high_bw,adaptive,async_ps_ssp,4,0,9,success,ps,4,0.014016499993239296,0.0014844999932392966,0.005354199995053932,0.01928,1.3755217072235932,0.591933048885971,0.5944456011554641,9132.094321816387,1.5050000616091457,1.0,0,,,
heterogeneous_high_bw,adaptive,async_ps_ssp,4,0,10,success,ps,4,0.013971474999642698,0.001439474999642698,0.0053693999943789095,0.01928,1.3799545145013723,0.6047050132179497,0.5869485452248393,9161.523747726953,1.5762665301087033,1.0,0,,,
heterogeneous_high_bw,adaptive,async_ps_ssp,4,0,11,success,ps,4,0.013925675000144867,0.0013936750001448672,0.0052093999984208494,0.01928,1.384493031741688,0.5627062986671562,0.5799986471573663,9191.654982517432,1.5807231564388655,1.0,0,,,
heterogeneous_high_bw,adaptive,async_ps_ssp,4,0,12,success,ps,4,0.013969800483496492,0.0014228750042093452,0.005387600001995452,0.01930296227582638,1.3817636335343748,0.5930709610127944,0.5738124030665037,9162.621910829392,1.6087500974570366,1.0,0,,,
heterogeneous_high_bw,adaptive,async_ps_ssp,4,0,13,success,ps,4,0.0139900663611102,0.0014032250001037028,0.005281700010527857,0.01936437132462538,1.3841514989846477,0.5899135379442192,0.5676864106513891,9149.349023519742,1.5957873669667146,1.0,0,,,
heterogeneous_high_bw,adaptive,async_ps_ssp,4,0,14,success,ps,4,0.01401164588684312,0.001355174998025177,0.005146800001966767,0.019471493675104527,1.3896649852811498,0.5817746700190936,0.5610852296260165,9135.257987085693,1.615388633984433,1.0,0,,,
heterogeneous_high_bw,adaptive,async_ps_ssp,4,0,15,success,ps,4,0.013898370087124919,0.0013624499952129554,0.0051663999911397696,0.01928603091063379,1.387646953544564,0.5416969654881844,0.5564952829559263,9209.713023729006,1.6119633508867184,1.0,0,,,
heterogeneous_high_bw,adaptive,async_ps_ssp,4,0,16,success,ps,4,0.01398052104590126,0.0014176999975461513,0.0053290999931050465,0.019327416997469395,1.3824532672289573,0.513943006629146,0.5520967327337921,9155.59581647541,1.5929089277137671,1.0,0,,,
heterogeneous_high_bw,adaptive,async_ps_ssp,4,0,17,success,ps,4,0.013962726925151278,0.0014186500011419412,0.005292900008498691,0.019298579883091287,1.38214977536576,0.5026610216171946,0.5473305703494248,9167.263721918933,1.5767690041644333,1.0,0,,,
heterogeneous_high_bw,adaptive,async_ps_ssp,4,0,18,success,ps,4,0.013912982220921386,0.0013613000010082033,0.005139600005350076,0.019310280338327972,1.3879325102055045,0.5559447761094936,0.5425344565322895,9200.04050659408,1.6024487241360332,1.0,0,,,
heterogeneous_high_bw,adaptive,async_ps_ssp,4,0,19,success,ps,4,0.014092722445384362,0.00152824999531731,0.005733999991207384,0.01932995761548777,1.3716269294595171,0.5588292726367837,0.5383893790963395,9082.70211778154,1.589024384173778,1.0,0,,,
heterogeneous_high_bw,adaptive,async_ps_ssp,4,0,20,success,ps,4,0.014235003385519267,0.0014185750005708542,0.0053515999898081645,0.019717582130689866,1.3851476952051742,0.5900153593766055,0.534524769786293,8991.919182134483,1.6007909242603071,1.0,0,,,
heterogeneous_high_bw,adaptive,async_ps_ssp,4,0,21,success,ps,4,0.014106398967169854,0.0014454500014835503,0.005430000004707836,0.019478383024132774,1.380818950992756,0.5364678270277393,0.5307356809986804,9073.896201142286,1.5915751689321376,1.0,0,,,
heterogeneous_high_bw,adaptive,async_ps_ssp,4,0,22,success,ps,4,0.014064834885711525,0.0014072999947529752,0.005237399993347935,0.01947313060147469,1.3845260722724486,0.5295428789264207,0.5274611630715215,9100.711173654465,1.5713668633999403,1.0,0,,,
heterogeneous_high_bw,adaptive,async_ps_ssp,4,0,23,success,ps,4,0.013940449996233685,0.001408449996233685,0.005323999997926876,0.01928,1.383025655929967,0.48732502589248045,0.5238017944906006,9181.91306841472,1.6050754799418898,1.0,0,,,
heterogeneous_high_bw,adaptive,async_ps_ssp,4,0,24,success,ps,4,0.013937088139692416,0.0014012249921506736,0.005178999999770895,0.019285943303910372,1.3837857026235325,0.5216450220516009,0.5201953355526537,9184.127897954508,1.5566583193339867,1.0,0,,,
heterogeneous_high_bw,adaptive,async_ps_ssp,4,0,25,success,ps,4,0.014134568631570758,0.0013633000016852748,0.005144599999766797,0.019648105584439204,1.390074652901221,0.5743997402539665,0.5174408295101813,9055.812266820874,1.6013645594294244,1.0,0,,,
heterogeneous_high_bw,adaptive,async_ps_ssp,4,0,26,success,ps,4,0.014118505625112358,0.0014618749992223457,0.005352099993615411,0.01947173942444617,1.3791643351979195,0.4786149478139423,0.5140418205649172,9066.115309847557,1.5366886772724813,1.0,0,,,
heterogeneous_high_bw,adaptive,async_ps_ssp,4,0,27,success,ps,4,0.0142032236504107,0.0014617749984608963,0.005491799995070323,0.01960222869530739,1.3801253277273131,0.48039929450550406,0.5103964408760999,9012.038615353265,1.591735155365581,1.0,0,,,
heterogeneous_high_bw,adaptive,async_ps_ssp,4,0,28,success,ps,4,0.013986118771816287,0.001418749994627433,0.005307499988703057,0.019334413503367467,1.3824002082928566,0.5087251036031302,0.5079115915765535,9151.931432037843,1.582501422124711,1.0,0,,,
heterogeneous_high_bw,adaptive,async_ps_ssp,4,0,29,success,ps,4,0.013983175001420779,0.0014511750014207792,0.005459400010295212,0.01928,1.3787998790003722,0.4972251077937415,0.504470094781666,9153.858117844795,1.5947180452389127,1.0,0,,,
heterogeneous_high_bw,adaptive,async_ps_ssp,4,0,30,success,ps,4,0.013921625002047978,0.0013896250020479783,0.005278099997667596,0.01928,1.3848958003942615,0.42365937120170155,0.5018039406176454,9194.328965273107,1.6155607390036972,1.0,0,,,
heterogeneous_high_bw,adaptive,async_ps_ssp,4,0,31,success,ps,4,0.01425070202317245,0.001507425000454532,0.005759599996963516,0.019605041573412182,1.3757246163405334,0.5019560320300156,0.4990586030435165,8982.013643388567,1.6286139374114807,1.0,0,,,
heterogeneous_high_bw,adaptive,async_ps_ssp,4,0,32,success,ps,4,0.014040707055816894,0.001467124999180669,0.005573000002186745,0.019343972394824962,1.3777064301623607,0.4753364503166222,0.49713516774885685,9116.350016502278,1.6157690260586346,1.0,0,,,
heterogeneous_high_bw,adaptive,async_ps_ssp,4,0,33,success,ps,4,0.013918149997415486,0.0013861499974154867,0.005218599995714612,0.01928,1.3852415733111207,0.4768167261361785,0.4940726165975776,9196.624553102876,1.5962904113725387,1.0,0,,,
heterogeneous_high_bw,adaptive,async_ps_ssp,4,0,34,success,ps,4,0.01393204999411758,0.0014000499941175804,0.005296399991493672,0.01928,1.3838595187456577,0.5483431498016588,0.491911382662644,9187.449087108102,1.6067789661228753,1.0,0,,,
heterogeneous_high_bw,adaptive,async_ps_ssp,4,0,35,success,ps,4,0.01393156595288566,0.0013964499958092347,0.005290399989462458,0.019284793780117576,1.384251694700774,0.48909847199537476,0.48978998833224735,9187.768297754585,1.609924959825654,1.0,0,,,
dynamic_mixed,sync_ps,sync_ps,2,0,0,success,ps,2,0.0946725748687929,0.00013780000153928995,0.00016280000272672623,0.09450977486606617,0.9982803889832683,1.098575274026145,0.902408139868336,676.0141475891816,0.18142235650763655,0.0,0,,,
dynamic_mixed,sync_ps,sync_ps,2,0,1,success,ps,2,0.09450879999899772,0.00010394999844720587,0.00010879999899771065,0.09440000000000001,0.9988487844624113,0.8618158691387849,0.7725663283598929,677.1856165846855,0.04665705220102471,0.0,0,,,
dynamic_mixed,sync_ps,sync_ps,2,0,2,success,ps,2,0.09449469999349677,9.199999476550147e-05,9.469999349676073e-05,0.09440000000000001,0.9989978274601298,0.7790124990888695,0.7139326084417726,677.2866626848337,0.029347813647092724,0.0,0,,,
dynamic_mixed,sync_ps,sync_ps,2,0,3,success,ps,2,0.09472915056605381,9.48999950196594e-05,9.899999713525176e-05,0.09463015056891856,0.9989549151814021,0.6966302289177699,0.6754622209155772,675.610407330459,0.04320339607541193,0.0,0,,,
dynamic_mixed,sync_ps,sync_ps,2,0,4,success,ps,2,0.0944906000059331,8.890000026440248e-05,9.06000059330836e-05,0.09440000000000001,0.9990411744033015,0.6224049551746974,0.6344711076088227,677.3160504429162,0.019122673166505733,0.0,0,,,
dynamic_mixed,sync_ps,sync_ps,2,0,5,success,ps,2,0.09461138085751156,9.165000665234402e-05,9.440000576432794e-05,0.09451698085174723,0.9990022341402405,0.6124825164827132,0.6081086486898462,676.4513890394064,0.03000544334284725,0.0,0,,,
dynamic_mixed,sync_ps,sync_ps,2,0,6,success,ps,2,0.09466869960268767,9.890000364976004e-05,0.00011039999662898481,0.09455829960605869,0.9988338278956791,0.5601733865177831,0.5812835514668441,676.0418202489286,0.11627899331198539,0.0,0,,,
dynamic_mixed,sync_ps,sync_ps,2,0,7,success,ps,2,0.09450129998554477,9.724999108584598e-05,0.00010129998554475605,0.09440000000000001,0.9989280572271466,0.6258996361673339,0.5721323175480113,677.2393608319637,0.04164519062721368,0.0,0,,,
dynamic_mixed,sync_ps,sync_ps,2,0,8,success,ps,2,0.09496545049405276,0.00010060000204248354,0.00010869999823626131,0.0948567504958165,0.9988553732155141,0.527274936256362,0.5557478859797161,673.9293044685553,0.08051685833803732,0.0,0,,,
dynamic_mixed,sync_ps,sync_ps,2,0,9,success,ps,2,0.09450889999975917,0.00010549999569775537,0.00010889999975915998,0.09440000000000001,0.9988477275710601,0.6641045666826567,0.5478863713025983,677.1849000481762,0.032227527657135505,0.0,0,,,
dynamic_mixed,sync_ps,sync_ps,2,0,10,success,ps,2,0.09449790000331124,9.645000682212412e-05,9.790000331122428e-05,0.09440000000000001,0.9989639981067537,0.5098801304916576,0.5377660460463874,677.2637275300025,0.015033658595179002,0.0,0,,,
dynamic_mixed,sync_ps,sync_ps,2,0,11,success,ps,2,0.09541472992698134,0.00010900000052060932,0.00011639999866019934,0.09529832992832114,0.9987800625883522,0.5059689020822754,0.5297490263756568,670.7559728878099,0.0678898902417984,0.0,0,,,
dynamic_mixed,sync_ps,sync_ps,2,0,12,success,ps,2,0.09460113021559387,9.180000051856041e-05,9.73999995039776e-05,0.09450373021608989,0.9989704139973592,0.3985901587587556,0.5195659244266448,676.524686905383,0.06100216658803608,0.0,0,,,
dynamic_mixed,sync_ps,sync_ps,2,0,13,success,ps,2,0.09538743843927205,0.00011775000166380778,0.00014030000602360815,0.09524713843324845,0.9985291563719585,0.5109218697423492,0.5113094252323179,670.9478841990845,0.19150746369139107,0.0,0,,,
dynamic_mixed,sync_ps,sync_ps,2,0,14,success,ps,2,0.09537615905948159,0.00010099999781232327,0.00010239999392069876,0.09527375906556089,0.9989263564927495,0.5856595959334756,0.5054714580461153,671.0272318691952,0.013861347770676139,0.0,0,,,
dynamic_mixed,sync_ps,sync_ps,2,0,15,success,ps,2,0.10194462427492441,0.002906900001107715,0.00570490000245627,0.09623972427246814,0.9440392267563683,0.4322208933914221,0.49969348316809864,627.7918081036299,0.9625374107536553,0.0,0,,,
dynamic_mixed,sync_ps,sync_ps,2,0,16,success,ps,2,0.09975979999403936,0.002734449997660704,0.005359799994039349,0.09440000000000001,0.9462729476767235,0.5524239585109951,0.4932128943964209,641.5409814757447,0.9601016649287811,0.0,0,,,
dynamic_mixed,sync_ps,sync_ps,2,0,17,success,ps,2,0.0999272615544574,0.002813799997966271,0.005473700002767146,0.09445356155169025,0.945223156147593,0.5508778424859517,0.49419341810035367,640.4658649143697,0.9453052831679808,0.0,0,,,
dynamic_mixed,sync_ps,sync_ps,2,0,18,success,ps,2,0.10029322525481232,0.0027062999943154864,0.005315199989126995,0.09497802526568533,0.9470033995255133,0.4453654256527936,0.4857984202914462,638.1288450680183,0.964009902570826,0.0,0,,,
dynamic_mixed,sync_ps,sync_ps,2,0,19,success,ps,2,0.09978370000140277,0.002748899998550769,0.005383700001402758,0.09440000000000001,0.9460462981295835,0.45857840269597916,0.48263510584770936,641.3873207658193,0.9584924890983935,0.0,0,,,
dynamic_mixed,sync_ps,sync_ps,2,0,20,success,ps,2,0.09973929999801331,0.0027208500032429583,0.005339299998013303,0.09440000000000001,0.9464674406365429,0.46637337076418817,0.4783406298305196,641.6728411095205,0.9623646987842296,0.0,0,,,
dynamic_mixed,sync_ps,sync_ps,2,0,21,success,ps,2,0.0999119000026025,0.002801050002744887,0.005511900002602488,0.09440000000000001,0.9448323973174475,0.5002030787457399,0.474662454617419,640.5643371643712,0.9677977887696783,0.0,0,,,
dynamic_mixed,sync_ps,sync_ps,2,0,22,success,ps,2,0.1002263469054928,0.002697149997402448,0.005276199997751974,0.09495014690774083,0.9473571554720327,0.5241909809974212,0.47237845605089535,638.5546513068865,0.9562130403860094,0.0,0,,,
dynamic_mixed,sync_ps,sync_ps,2,0,23,success,ps,2,0.10026646217350925,0.002697149997402448,0.00529449999157805,0.0949719621819312,0.9471957035602192,0.5089036146373718,0.4699099548703291,638.2991741470761,0.962997977759502,0.0,0,,,
dynamic_mixed,sync_ps,sync_ps,2,0,24,success,ps,2,0.09958179999198766,0.002649750000273343,0.005181799991987646,0.09440000000000001,0.9479643871429863,0.4446112764587446,0.4688122093414531,642.6877200969398,0.955580711575628,0.0,0,,,
dynamic_mixed,sync_ps,sync_ps,2,0,25,success,ps,2,0.09957679999757094,0.002645149994350504,0.0051767999975709245,0.09440000000000001,0.948011986750958,0.4850083092946769,0.4662760286060363,642.7199910175985,0.9570912831674621,0.0,0,,,
dynamic_mixed,sync_ps,sync_ps,2,0,26,success,ps,2,0.09960100000721869,0.0026596500028972514,0.005201000007218681,0.09440000000000001,0.9477816487099353,0.4315771374087389,0.4619831177258674,642.5638296338544,0.9555204634435082,0.0,0,,,
dynamic_mixed,sync_ps,sync_ps,2,0,27,success,ps,2,0.09989636847840261,0.00267060000624042,0.005250500005786307,0.0946458684726163,0.947440531765462,0.3464963720304718,0.4596450847589069,640.6639297787553,0.966037591758919,0.0,0,,,
dynamic_mixed,sync_ps,sync_ps,2,0,28,success,ps,2,0.09977640000402463,0.0027352500037522987,0.005376400004024617,0.09440000000000001,0.9461155142517895,0.3285832549024445,0.4548578940147844,641.4342469503657,0.9655972930019238,0.0,0,,,
dynamic_mixed,sync_ps,sync_ps,2,0,29,success,ps,2,0.09988740000522231,0.002803650000714697,0.005487400005222298,0.09440000000000001,0.9450641421747347,0.5237651269130301,0.45324879991969075,640.7214523218539,0.957234320570055,0.0,0,,,
dynamic_mixed,sync_ps,sync_ps,2,0,30,success,ps,2,0.0945178000093205,0.00010960000508930534,0.00011780000932049006,0.09440000000000001,0.9987536738126694,0.41279042990563053,0.4506929751053958,677.1211347882504,0.0748175526970602,0.0,0,,,
dynamic_mixed,sync_ps,sync_ps,2,0,31,success,ps,2,0.09452060000153725,9.71000044955872e-05,0.00012060000153724104,0.09440000000000001,0.9987240876429553,0.4224519034856321,0.44850715839843747,677.1010763681052,0.2420184934255418,0.0,0,,,
dynamic_mixed,sync_ps,sync_ps,2,0,32,success,ps,2,0.09560751179318577,8.83999964571558e-05,9.020000288728625e-05,0.09551731179029849,0.9990565594565163,0.4081682233584898,0.4487454945053236,669.4034684057269,0.02036206427497748,0.0,0,,,
dynamic_mixed,sync_ps,sync_ps,2,0,33,success,ps,2,0.0948126534323513,7.90999984019436e-05,8.030000026337802e-05,0.09473235343208793,0.9991530666281725,0.5117579925702429,0.4495677790972116,675.0153875364738,0.01517069368530165,0.0,0,,,
dynamic_mixed,sync_ps,sync_ps,2,0,34,success,ps,2,0.09485252085823652,0.0001120000088121742,0.00012320000678300858,0.09472932085145351,0.9987011414597284,0.5339759603665584,0.4509379966570324,674.731672083363,0.0999999731215823,0.0,0,,,
dynamic_mixed,sync_ps,sync_ps,2,0,35,success,ps,2,0.09449620000491851,8.925000292947516e-05,9.620000491850078e-05,0.09440000000000001,0.9989819695933435,0.27985995605320124,0.44760962080152805,677.2759115887073,0.07787116731689418,0.0,0,,,
dynamic_mixed,sync_ps,sync_ps,4,0,0,success,ps,4,0.1819769132020475,0.00013847499940311536,0.00016619999951217324,0.18181071320253533,0.9990866973365592,1.0836349014548805,0.9799255205775885,703.3859281802556,0.11995264633589905,0.0,0,,,
dynamic_mixed,sync_ps,sync_ps,4,0,1,success,ps,4,0.18208108972701612,0.00014710000323248096,0.00028759999258909374,0.18179348973442702,0.9984204840106116,0.9863986658705319,0.8977813820427131,702.983490443204,0.5560146313350165,0.0,0,,,
dynamic_mixed,sync_ps,sync_ps,4,0,2,success,ps,4,0.1816689700076207,8.000000161700882e-05,8.730000990908593e-05,0.1815816699977116,0.9995194555795334,0.8979981992750803,0.8263904547182712,704.5782226575657,0.07023402031055645,0.0,0,,,
dynamic_mixed,sync_ps,sync_ps,4,0,3,success,ps,4,0.18093040000339972,0.00010402500265627168,0.00013040000339969993,0.18080000000000002,0.9992792808538684,0.8903927260085664,0.7885564730632714,707.4543581266324,0.16870651533778053,0.0,0,,,
dynamic_mixed,sync_ps,sync_ps,4,0,4,success,ps,4,0.1809246000028914,0.00010424999709357508,0.00012460000289138407,0.18080000000000002,0.99931131530544,0.7532609483591466,0.7494511720061475,707.4770373843822,0.11915840029220684,0.0,0,,,
dynamic_mixed,sync_ps,sync_ps,4,0,5,success,ps,4,0.18097450000450482,0.0001531000052636955,0.0001745000045048073,0.18080000000000002,0.9990357757335953,0.7567900252231746,0.7273429918367179,707.2819651211294,0.09120523882226675,0.0,0,,,
dynamic_mixed,sync_ps,sync_ps,4,0,6,success,ps,4,0.1809064999960363,9.710000085760839e-05,0.00010649999603629112,0.18080000000000002,0.9994112981234028,0.7789828715024188,0.7116480973860111,707.5478216802851,0.07514845618528126,0.0,0,,,
dynamic_mixed,sync_ps,sync_ps,4,0,7,success,ps,4,0.18116118875091114,9.070000305655412e-05,0.00010430000838823617,0.1810568887425229,0.9994242695739227,0.738686539565444,0.6931196090853756,706.5531026957132,0.12910266810520662,0.0,0,,,
dynamic_mixed,sync_ps,sync_ps,4,0,8,success,ps,4,0.18090949998977596,0.00010124999607796781,0.00010949998977594078,0.18080000000000002,0.9993947250432833,0.674806072048391,0.6739869911080079,707.5360885262182,0.07724411875595674,0.0,0,,,
dynamic_mixed,sync_ps,sync_ps,4,0,9,success,ps,4,0.18137479758669367,0.00010105000183102675,0.00011629999789875001,0.18125849758879492,0.9993587863394132,0.7943848813624228,0.6638989978033139,705.7209805503351,0.09391513092720782,0.0,0,,,
dynamic_mixed,sync_ps,sync_ps,4,0,10,success,ps,4,0.1810203505397161,9.512500400887802e-05,0.00010970000585075468,0.18091065053386535,0.9993939907556046,0.6230331335477699,0.6517584131302321,707.1028180995409,0.14703086315750624,0.0,0,,,
dynamic_mixed,sync_ps,sync_ps,4,0,11,success,ps,4,0.18089810000483414,8.884999988367781e-05,9.810000483412296e-05,0.18080000000000002,0.9994577057203392,0.7164855060053563,0.6414545867168668,707.5806766161693,0.09469034692136458,0.0,0,,,
dynamic_mixed,sync_ps,sync_ps,4,0,12,success,ps,4,0.1810070004302924,8.934999641496688e-05,0.00010229999315924942,0.18090470043713314,0.9994348285264324,0.6304134655163234,0.6300450032520043,707.1549702261051,0.10021163076936936,0.0,0,,,
dynamic_mixed,sync_ps,sync_ps,4,0,13,success,ps,4,0.18210391950367935,0.00011752499995054677,0.00011940000695176423,0.1819845194967276,0.999344330384117,0.5740634038209409,0.6207253209183856,702.8953596872681,0.015956947828884935,0.0,0,,,
dynamic_mixed,sync_ps,sync_ps,4,0,14,success,ps,4,0.18090369998926764,9.049999425769784e-05,0.00010369998926762491,0.18080000000000002,0.9994267668971183,0.6136301039510877,0.6129672807091889,707.5587730245085,0.0886838968609928,0.0,0,,,
dynamic_mixed,sync_ps,sync_ps,4,0,15,success,ps,4,0.1874804827704914,0.0014477499971690122,0.005544799991184846,0.18193568277930655,0.9704246548267499,0.6269979691125395,0.6084587562650228,682.7377341282729,1.6338702463536006,1.0,0,,,
dynamic_mixed,sync_ps,sync_ps,4,0,16,success,ps,4,0.18611819999741858,0.0014127249996818136,0.00531819999741856,0.18080000000000002,0.9714256854112476,0.5999772669046618,0.6017083302055772,687.7349985212372,1.596094451967776,1.0,0,,,
dynamic_mixed,sync_ps,sync_ps,4,0,17,success,ps,4,0.18759749217716543,0.0014984000044933055,0.0057027000002563,0.18189479217690913,0.9696014059992298,0.5571121100269998,0.5941322810116693,682.3118929496026,1.619964368279828,1.0,0,,,
dynamic_mixed,sync_ps,sync_ps,4,0,18,success,ps,4,0.18609859999369366,0.001436999998986721,0.005298599993693642,0.18080000000000002,0.9715279964821165,0.6258905158343055,0.5873825813242693,687.8074311377816,1.5515170346646339,1.0,0,,,
dynamic_mixed,sync_ps,sync_ps,4,0,19,success,ps,4,0.187068173202427,0.0014664000009361189,0.005408800003351644,0.18165937319907535,0.9710864765996364,0.5551359846839616,0.5843976291599411,684.2425293878871,1.5522123241609942,1.0,0,,,
dynamic_mixed,sync_ps,sync_ps,4,0,20,success,ps,4,0.18639890001022724,0.0014792250076425262,0.005598900010227226,0.18080000000000002,0.9699628055212771,0.5871925852882225,0.5824920377327278,686.699331342497,1.6079451660192825,1.0,0,,,
dynamic_mixed,sync_ps,sync_ps,4,0,21,success,ps,4,0.18762703569064557,0.0015357000011135824,0.005705500007024966,0.1819215356836206,0.9695912692644569,0.6816451957999556,0.5814197798574234,682.2044569901055,1.5676973425817555,1.0,0,,,
dynamic_mixed,sync_ps,sync_ps,4,0,22,success,ps,4,0.18750679407254034,0.00137657499362831,0.005198299986659549,0.1823084940858808,0.972276737958367,0.632084922195838,0.5749744544073316,682.6419310997388,1.602878660781442,1.0,0,,,
dynamic_mixed,sync_ps,sync_ps,4,0,23,success,ps,4,0.18715264437836993,0.0014368749943969306,0.005432499994640239,0.1817201443837297,0.9709728921400798,0.5184872931684341,0.5700699361599182,683.9336971441347,1.6054818649864184,1.0,0,,,
dynamic_mixed,sync_ps,sync_ps,4,0,24,success,ps,4,0.18636789999245668,0.0014714499957335647,0.00556789999245666,0.18080000000000002,0.9701241469551246,0.6028526969689284,0.5687000541107738,686.8135553664599,1.6073263466064849,1.0,0,,,
dynamic_mixed,sync_ps,sync_ps,4,0,25,success,ps,4,0.18714902553912827,0.0015034750031190924,0.00559830000565853,0.18155072553346974,0.9700864057959625,0.5770443637778204,0.5668982135393663,683.9469221454126,1.572492383917106,1.0,0,,,
dynamic_mixed,sync_ps,sync_ps,4,0,26,success,ps,4,0.18621069998871537,0.001444824996724492,0.005410699988715351,0.18080000000000002,0.9709431306093407,0.6058175768394977,0.5645720325647937,687.393366803073,1.5848353472370635,1.0,0,,,
dynamic_mixed,sync_ps,sync_ps,4,0,27,success,ps,4,0.188310403334498,0.0015640749988961034,0.0059083999949507415,0.18240200333954726,0.9686241445489574,0.5838860111546706,0.5659808297138404,679.7287761772359,1.6036355205642108,1.0,0,,,
dynamic_mixed,sync_ps,sync_ps,4,0,28,success,ps,4,0.18700606722183324,0.0013897999997425359,0.005205399997066706,0.18180066722476654,0.9721645395018554,0.576727239723472,0.5638487368562252,684.4697709628953,1.5850892507418415,1.0,0,,,
dynamic_mixed,sync_ps,sync_ps,4,0,29,success,ps,4,0.1860962000045227,0.0014046250034880359,0.005296200004522689,0.18080000000000002,0.9715405257904569,0.5385957436701525,0.5604957547309873,687.8163014445712,1.59957639452861,1.0,0,,,
dynamic_mixed,sync_ps,sync_ps,4,0,30,success,ps,4,0.18090630000906532,9.615000453777611e-05,0.00010630000906530768,0.18080000000000002,0.9994124029452818,0.5382487601823639,0.5577413720751047,707.5486038550666,0.12488835415728464,0.0,0,,,
dynamic_mixed,sync_ps,sync_ps,4,0,31,success,ps,4,0.18092920000881424,0.00011180000001331791,0.0001292000088142231,0.18080000000000002,0.9992859084724416,0.6636803039089221,0.5596235646802074,707.4590502459763,0.11821193749296316,0.0,0,,,
dynamic_mixed,sync_ps,sync_ps,4,0,32,success,ps,4,0.18092300000526013,0.00010855000437004492,0.0001230000052601099,0.18080000000000002,0.9993201527431198,0.5459961113277894,0.5591165347871694,707.4832939774299,0.09187093355925699,0.0,0,,,
dynamic_mixed,sync_ps,sync_ps,4,0,33,success,ps,4,0.18092620000052267,0.0001033750013448298,0.00012620000052265823,0.18080000000000002,0.9993024780240657,0.5726358956313213,0.5566395966577031,707.4707809019933,0.13088306211889156,0.0,0,,,
dynamic_mixed,sync_ps,sync_ps,4,0,34,success,ps,4,0.18098068596096317,0.00011187500058440492,0.00013890000991523266,0.18084178595104794,0.9992325147339468,0.5260839395684642,0.554096404938168,707.2577900804791,0.14658456557985897,0.0,0,,,
dynamic_mixed,sync_ps,sync_ps,4,0,35,success,ps,4,0.1815195359581354,9.202499859384261e-05,0.00010150000161956996,0.18141803595651582,0.999440831527671,0.5371800999978147,0.5529647674722232,705.1582592714493,0.09722850030686518,0.0,0,,,
dynamic_mixed,async_ps_ssp,async_ps_ssp,2,0,0,success,ps,2,0.06149860000035494,0.00013860000035492703,0.00014879999798722565,0.09440000000000001,1.5349942925441422,1.1194431828958415,1.0363070284614568,1040.6740966400962,0.07359305579065943,0.0,0,,,
dynamic_mixed,async_ps_ssp,async_ps_ssp,2,0,1,success,ps,2,0.061457150004876324,9.715000487631187e-05,0.0001053000014508143,0.09440000000000001,1.536029574956044,1.0510473362167745,0.9926993396603999,1041.3759830210465,0.08389085004151972,0.0,0,,,
dynamic_mixed,async_ps_ssp,async_ps_ssp,2,0,2,success,ps,2,0.06143714999810561,7.714999810559675e-05,7.88999896030873e-05,0.09440000000000001,1.5365296079474846,1.0338431397601524,0.9512112695087509,1041.7149884389723,0.02268297495500041,0.0,0,,,
dynamic_mixed,async_ps_ssp,async_ps_ssp,2,0,3,success,ps,2,0.061439299999924854,7.929999992484227e-05,8.520000847056508e-05,0.09440000000000001,1.5364758387565527,0.9459817651498428,0.9021092458477836,1041.678534750205,0.07440111572400399,0.0,0,,,
dynamic_mixed,async_ps_ssp,async_ps_ssp,2,0,4,success,ps,2,0.06144199999865611,8.199999865610152e-05,8.569999772589654e-05,0.09440000000000001,1.5364083200752705,0.9607660056161729,0.886108378898122,1041.6327593730646,0.04512194006478511,0.0,0,,,
dynamic_mixed,async_ps_ssp,async_ps_ssp,2,0,5,success,ps,2,0.062188538693172125,8.05000017862767e-05,8.13000078778714e-05,0.09555082875597823,1.5364700757387157,0.8737806676431288,0.8542041529704291,1029.1285395169891,0.009937963526767452,0.0,0,,,
dynamic_mixed,async_ps_ssp,async_ps_ssp,2,0,6,success,ps,2,0.06146989999282175,0.00010989999282173812,0.00011219999578315765,0.09440000000000001,1.5357109741682309,0.8248149280691042,0.8197562415322612,1041.159982486936,0.020928144592530305,0.0,0,,,
dynamic_mixed,async_ps_ssp,async_ps_ssp,2,0,7,success,ps,2,0.061466750005215884,0.00010675000521587208,0.00011520000407472253,0.09440000000000001,1.535789674775216,0.8323321129297497,0.8002476450829842,1041.2133388306547,0.07915689336600774,0.0,0,,,
dynamic_mixed,async_ps_ssp,async_ps_ssp,2,0,8,success,ps,2,0.06143360000017799,7.360000017797574e-05,8.830000297166407e-05,0.09440000000000001,1.5366183977453138,0.8344736790296412,0.7767495125409268,1041.775184912077,0.19972829563061467,0.0,0,,,
dynamic_mixed,async_ps_ssp,async_ps_ssp,2,0,9,success,ps,2,0.0614310500025889,7.105000258889049e-05,7.210001058410853e-05,0.09440000000000001,1.5366821826425185,0.7626041694502946,0.7543855243414261,1041.8184289101819,0.014778436906120294,0.0,0,,,
dynamic_mixed,async_ps_ssp,async_ps_ssp,2,0,10,success,ps,2,0.06143069999992383,7.069999992381781e-05,7.110000296961516e-05,0.09440000000000001,1.5366909379205684,0.810377637906902,0.743170590266199,1041.8243646919107,0.005657751634662182,0.0,0,,,
dynamic_mixed,async_ps_ssp,async_ps_ssp,2,0,11,success,ps,2,0.06296335436556781,5.4800009820610285e-05,5.500001134350896e-05,0.09678239131653414,1.5371225420204206,0.7773904325337471,0.7296912048807705,1016.4642694925906,0.003649662105969027,0.0,0,,,
dynamic_mixed,async_ps_ssp,async_ps_ssp,2,0,12,success,ps,2,0.06143089999417077,7.089999417075887e-05,8.339999476447701e-05,0.09440000000000001,1.5366859350743307,0.7166105131264136,0.7178358515350166,1041.8209729317496,0.17630467482561255,0.0,0,,,
dynamic_mixed,async_ps_ssp,async_ps_ssp,2,0,13,success,ps,2,0.06144464999700665,8.464999700663611e-05,8.680000610183924e-05,0.09440000000000001,1.5363420575200417,0.7092654763718176,0.7051758473495212,1041.5878356068076,0.025398808574509147,0.0,0,,,
dynamic_mixed,async_ps_ssp,async_ps_ssp,2,0,14,success,ps,2,0.06144914999489208,8.914999489206821e-05,9.479999425821006e-05,0.09440000000000001,1.5362295492752454,0.66088969422314,0.6956973871999712,1041.5115588306749,0.06337632783496902,0.0,0,,,
dynamic_mixed,async_ps_ssp,async_ps_ssp,2,0,15,success,ps,2,0.06470642280389521,0.002768549988104496,0.005450699987704866,0.09528903510121649,1.4726364242079575,0.6665063132033472,0.6880167817158785,989.0826478534262,0.9687923317822867,0.0,0,,,
dynamic_mixed,async_ps_ssp,async_ps_ssp,2,0,16,success,ps,2,0.06422400000186405,0.002864000001864042,0.005615500005660579,0.09440000000000001,1.469855505687284,0.6976796066724926,0.6831725146520549,996.5122072456161,0.9607192741078897,0.0,0,,,
dynamic_mixed,async_ps_ssp,async_ps_ssp,2,0,17,success,ps,2,0.06513122411713079,0.002754549997916911,0.005346799996914342,0.09596411402955983,1.4733964443379681,0.7610073563393819,0.6763798832889653,982.6316159036652,0.9410793051557257,0.0,0,,,
dynamic_mixed,async_ps_ssp,async_ps_ssp,2,0,18,success,ps,2,0.06426429999586196,0.0029042999958619475,0.00564940000185743,0.09440000000000001,1.4689337626968397,0.7145489882770796,0.6701517057247444,995.88729674362,0.9451847291813936,0.0,0,,,
dynamic_mixed,async_ps_ssp,async_ps_ssp,2,0,19,success,ps,2,0.06442184686846503,0.0026784999936353415,0.005197199992835522,0.09498976442281488,1.474496138193037,0.7335709053622593,0.6678216090408287,993.451804178692,0.9403397439778912,0.0,0,,,
dynamic_mixed,async_ps_ssp,async_ps_ssp,2,0,20,success,ps,2,0.06417890000042041,0.002818900000420399,0.005527499990421347,0.09440000000000001,1.4708884072394763,0.7005740244659078,0.6610784633473387,997.2124794843907,0.9608712578084103,0.0,0,,,
dynamic_mixed,async_ps_ssp,async_ps_ssp,2,0,21,success,ps,2,0.06427585000377382,0.002915850003773812,0.005669699996360578,0.09440000000000001,1.4686698035803107,0.6612110648268678,0.6553811660713978,995.70834141038,0.9444415824127368,0.0,0,,,
dynamic_mixed,async_ps_ssp,async_ps_ssp,2,0,22,success,ps,2,0.06442051958508815,0.0026671500017982908,0.0052404000016395,0.0950051839742921,1.4747658756276716,0.5281912607401308,0.6465746646113947,993.4722726889415,0.9647938800372816,0.0,0,,,
dynamic_mixed,async_ps_ssp,async_ps_ssp,2,0,23,success,ps,2,0.06456909196446331,0.0026485499984119087,0.005194799989112653,0.09526237225546369,1.4753556129903909,0.8072930320137738,0.6429013277803151,991.1863099332957,0.961375088733881,0.0,0,,,
dynamic_mixed,async_ps_ssp,async_ps_ssp,2,0,24,success,ps,2,0.06409844999901486,0.002738449999014847,0.0054025999997975305,0.09440000000000001,1.472734520124135,0.6709779187167628,0.6373911761081705,998.4640814400914,0.9728678634878268,0.0,0,,,
dynamic_mixed,async_ps_ssp,async_ps_ssp,2,0,25,success,ps,2,0.06425325160519196,0.002635150005517062,0.0051851000025635585,0.09479707938411523,1.4753662579849138,0.5970429799083907,0.63126240898625,996.0585402471445,0.9676678711800639,0.0,0,,,
dynamic_mixed,async_ps_ssp,async_ps_ssp,2,0,26,success,ps,2,0.06511985645095855,0.0028748999975505285,0.005671399994753301,0.09576147146678159,1.4705418083791244,0.5802587685494174,0.6263934474783927,982.8031492698098,0.9727294857604495,0.0,0,,,
dynamic_mixed,async_ps_ssp,async_ps_ssp,2,0,27,success,ps,2,0.06418549999974436,0.002825499999744352,0.005566699997871183,0.09440000000000001,1.4707371602679107,0.6010052633977552,0.6241554915839437,997.1099391646851,0.9701645717234779,0.0,0,,,
dynamic_mixed,async_ps_ssp,async_ps_ssp,2,0,28,success,ps,2,0.06399635000010255,0.0026363500001025386,0.005196900005103089,0.09440000000000001,1.4750841258891911,0.6309605187657911,0.6218043835579784,1000.0570345011464,0.9712481286360732,0.0,0,,,
dynamic_mixed,async_ps_ssp,async_ps_ssp,2,0,29,success,ps,2,0.06470004730644335,0.002877000006265007,0.005678800007444806,0.09511238046181283,1.4700511733990769,0.6242814775144478,0.6208373819180455,989.1801113664156,0.9738616594037844,0.0,0,,,
dynamic_mixed,async_ps_ssp,async_ps_ssp,2,0,30,success,ps,2,0.06211612871747509,8.255000284407288e-05,8.600000001024455e-05,0.09543627494558618,1.53641698084023,0.5687766579679014,0.6154206611986076,1030.328214610627,0.0417928165416964,0.0,0,,,
dynamic_mixed,async_ps_ssp,async_ps_ssp,2,0,31,success,ps,2,0.06154531148509158,8.244999480666593e-05,8.469999011140317e-05,0.09455824844659218,1.5364005180069236,0.6638281620768731,0.611712571807621,1039.8842487864088,0.027289210663068733,0.0,0,,,
dynamic_mixed,async_ps_ssp,async_ps_ssp,2,0,32,success,ps,2,0.06144519999391866,8.519999391864985e-05,8.739999611862004e-05,0.09440000000000001,1.53632830569911,0.5253388131520631,0.6071992950800646,1041.5785123383794,0.02582162360538611,0.0,0,,,
dynamic_mixed,async_ps_ssp,async_ps_ssp,2,0,33,success,ps,2,0.06304196496173813,0.00012769999739248306,0.00014229999214876443,0.09679117686822407,1.5353451772477151,0.7404706815119044,0.6057979089482007,1015.1967826327008,0.11433042239678518,0.0,0,,,
dynamic_mixed,async_ps_ssp,async_ps_ssp,2,0,34,success,ps,2,0.061446200001533155,8.620000153314322e-05,8.680000610183924e-05,0.09440000000000001,1.5363033026882804,0.6134958885437954,0.6039624516011347,1041.561561144597,0.00696060964111138,0.0,0,,,
dynamic_mixed,async_ps_ssp,async_ps_ssp,2,0,35,success,ps,2,0.06252888167306933,5.889999738428742e-05,6.469999789260328e-05,0.09610766411643853,1.5370123620463103,0.5700834112517952,0.6017330532720523,1023.527021235121,0.09847199774903746,0.0,0,,,
dynamic_mixed,async_ps_ssp,async_ps_ssp,4,0,0,success,ps,4,0.11768412500553999,0.00016412500553997234,0.0002741000062087551,0.18080000000000002,1.536315964379128,1.1070505068827918,1.0413344544876904,1087.6573199144268,0.38912144192925224,0.0,0,,,
dynamic_mixed,async_ps_ssp,async_ps_ssp,4,0,1,success,ps,4,0.11872136062108585,0.00021569999807979912,0.0002778000052785501,0.18231640095847085,1.5356663704382278,1.031553478512362,0.9889197587768237,1078.1547594331241,0.1710568141211285,0.0,0,,,
dynamic_mixed,async_ps_ssp,async_ps_ssp,4,0,2,success,ps,4,0.11819397562383169,0.00013927499821875244,0.0001652999926591292,0.1816226163470968,1.5366486776376433,1.005578521808644,0.9530729700028552,1082.9655176959045,0.11231237375780605,0.0,0,,,
dynamic_mixed,async_ps_ssp,async_ps_ssp,4,0,3,success,ps,4,0.11877868799127543,0.00011942499622819014,0.00015969999367371202,0.18255271230007267,1.5369147057212955,0.9737457233473563,0.9209415814038413,1077.6343986002094,0.2322561726675789,0.0,0,,,
dynamic_mixed,async_ps_ssp,async_ps_ssp,4,0,4,success,ps,4,0.11768643833574766,8.475000504404306e-05,9.57000011112541e-05,0.18092567435492862,1.5373536400070646,0.9164839929957119,0.889153771898122,1087.6359401312561,0.12243129411714855,0.0,0,,,
dynamic_mixed,async_ps_ssp,async_ps_ssp,4,0,5,success,ps,4,0.1175793749973632,5.937499736319296e-05,6.399999256245792e-05,0.18080000000000002,1.5376846492342264,0.9010196290517878,0.8631886517015661,1088.626300342815,0.06625788587379045,0.0,0,,,
dynamic_mixed,async_ps_ssp,async_ps_ssp,4,0,6,success,ps,4,0.11759964999895195,7.964999895193614e-05,9.290000889450312e-05,0.18080000000000002,1.537419541653494,0.8646390259767661,0.8399965047026918,1088.4386135599957,0.15943897687656064,0.0,0,,,
dynamic_mixed,async_ps_ssp,async_ps_ssp,4,0,7,success,ps,4,0.11759012499190752,7.012499190750532e-05,0.00010049999400507659,0.18080000000000002,1.5375440753417224,0.8393029053600172,0.8173767019861081,1088.5267790029893,0.2523951306168182,0.0,0,,,
dynamic_mixed,async_ps_ssp,async_ps_ssp,4,0,8,success,ps,4,0.11760663710716708,6.067499998607673e-05,7.330000516958535e-05,0.18083994170335538,1.5376678234457806,0.8168970705707957,0.7979831012344488,1088.373948515866,0.15112681832477776,0.0,0,,,
dynamic_mixed,async_ps_ssp,async_ps_ssp,4,0,9,success,ps,4,0.1190668552009595,7.517499398090877e-05,8.650000381749123e-05,0.18306412339535166,1.5374902031835678,0.8036734638229022,0.7823234374705853,1075.0262932867695,0.10559789106018243,0.0,0,,,
dynamic_mixed,async_ps_ssp,async_ps_ssp,4,0,10,success,ps,4,0.11780249811062399,7.240000195452012e-05,8.949999755714089e-05,0.18112322785949148,1.5375160184583294,0.807653314657593,0.7672467354568686,1086.564394243999,0.15495177227786994,0.0,0,,,
dynamic_mixed,async_ps_ssp,async_ps_ssp,4,0,11,success,ps,4,0.11782783014570294,7.377500151051208e-05,0.0001109000004362315,0.18116008483721913,1.537498268560162,0.8116280293907306,0.7560458707579311,1086.3307916450503,0.29840627353134186,0.0,0,,,
dynamic_mixed,async_ps_ssp,async_ps_ssp,4,0,12,success,ps,4,0.11762235000081595,0.00010235000081593171,0.00020249999943189323,0.18080000000000002,1.5371228342125949,0.7919433876546282,0.7450852321974963,1088.2285551947573,0.573142800424619,0.0,0,,,
dynamic_mixed,async_ps_ssp,async_ps_ssp,4,0,13,success,ps,4,0.11849091833724665,9.55500072450377e-05,0.00012160000915173441,0.1821467205076948,1.5372209369605203,0.7830687636033462,0.7350336398533632,1080.251565235479,0.19409687374333467,0.0,0,,,
dynamic_mixed,async_ps_ssp,async_ps_ssp,4,0,14,success,ps,4,0.11760162500307664,8.162500307662413e-05,9.119999594986439e-05,0.18080000000000002,1.5373937221978864,0.8108870314634713,0.7263426737768763,1088.4203342993885,0.07618089726670697,0.0,0,,,
dynamic_mixed,async_ps_ssp,async_ps_ssp,4,0,15,success,ps,4,0.1189622750027734,0.0014422750027733855,0.005543499995837919,0.18080000000000002,1.5198095362230168,0.7309703825894716,0.7141597760176519,1075.971353078242,1.641770547802861,1.0,0,,,
dynamic_mixed,async_ps_ssp,async_ps_ssp,4,0,16,success,ps,4,0.11910424634002954,0.0014437999998335727,0.005467499999213032,0.1810160712926092,1.519812070980477,0.7275199483229515,0.7056874052863615,1074.6888035761046,1.6090156970952114,1.0,0,,,
dynamic_mixed,async_ps_ssp,async_ps_ssp,4,0,17,success,ps,4,0.11903170000390267,0.0015117000039026607,0.0055564000067533925,0.18080000000000002,1.518923110348522,0.6604376539421607,0.6961069672129441,1075.3437949370066,1.5455661620977919,1.0,0,,,
dynamic_mixed,async_ps_ssp,async_ps_ssp,4,0,18,success,ps,4,0.11931649008533304,0.001437274997442728,0.005452599987620488,0.18135263859675432,1.5199293783034862,0.6977286484949148,0.6890930032234355,1072.777114952482,1.6129624204057549,1.0,0,,,
dynamic_mixed,async_ps_ssp,async_ps_ssp,4,0,19,success,ps,4,0.11891720000152012,0.0013972000015201047,0.0052886000048602,0.18080000000000002,1.5203856128271507,0.722768533938686,0.6824340147755491,1076.3791949218764,1.6080311790923085,1.0,0,,,
dynamic_mixed,async_ps_ssp,async_ps_ssp,4,0,20,success,ps,4,0.11898740000127467,0.0014674000012746546,0.005596500006504357,0.18080000000000002,1.5194886181063136,0.7250661951401499,0.6759785230560232,1075.7441544115493,1.6246145000300702,1.0,0,,,
dynamic_mixed,async_ps_ssp,async_ps_ssp,4,0,21,success,ps,4,0.12026368635045136,0.0014999499944678973,0.005720200002542697,0.18271344054766686,1.519273573697345,0.6537791208889605,0.6669370575552543,1064.3279271101405,1.6244321758730587,1.0,0,,,
dynamic_mixed,async_ps_ssp,async_ps_ssp,4,0,22,success,ps,4,0.1193377297809552,0.0014576499925169628,0.0055410999921150506,0.1813539689052896,1.51967000912591,0.6633092412640846,0.6578953567529842,1072.5861823829264,1.6173856827960174,1.0,0,,,
dynamic_mixed,async_ps_ssp,async_ps_ssp,4,0,23,success,ps,4,0.11900517499837909,0.0014851749983790796,0.005602800010819919,0.18080000000000002,1.5192616623811745,0.6498117880728307,0.6503489337535707,1075.583477791982,1.6007004953978827,1.0,0,,,
dynamic_mixed,async_ps_ssp,async_ps_ssp,4,0,24,success,ps,4,0.11957051330121918,0.0015486999982385896,0.00590639999427367,0.18157202046612397,1.5185350924162389,0.7143061456888478,0.6446818883970487,1070.4980389065108,1.6245496204899823,1.0,0,,,
dynamic_mixed,async_ps_ssp,async_ps_ssp,4,0,25,success,ps,4,0.11937362411598844,0.0014137749967630953,0.005347699989215471,0.18147669095265437,1.5202411110206722,0.6242465167190505,0.6389395515377492,1072.2636675219796,1.6065216630476409,1.0,0,,,
dynamic_mixed,async_ps_ssp,async_ps_ssp,4,0,26,success,ps,4,0.11899075000131737,0.0014707500013173558,0.005568499997025356,0.18080000000000002,1.519445839260601,0.7188861321891188,0.6360364695583888,1075.7138685030802,1.6085929753807888,1.0,0,,,
dynamic_mixed,async_ps_ssp,async_ps_ssp,4,0,27,success,ps,4,0.11895822500103853,0.0014382250010385178,0.0053596999932779,0.18080000000000002,1.51986127901977,0.6772495887130405,0.6319542229729164,1076.0079851467399,1.5742720336462641,1.0,0,,,
dynamic_mixed,async_ps_ssp,async_ps_ssp,4,0,28,success,ps,4,0.11893782499486,0.0014178249948599841,0.005366099998354912,0.18080000000000002,1.5201219629484013,0.6243734690186609,0.6268832403017555,1076.192540140461,1.607773323103742,1.0,0,,,
dynamic_mixed,async_ps_ssp,async_ps_ssp,4,0,29,success,ps,4,0.11895815000046744,0.0014381500004674308,0.005443300004117191,0.18080000000000002,1.5198622372598225,0.7047349138582588,0.6235800049615539,1076.008663546777,1.6078948183387476,1.0,0,,,
dynamic_mixed,async_ps_ssp,async_ps_ssp,4,0,30,success,ps,4,0.11760637500286569,8.637500286567956e-05,9.480000881012529e-05,0.18080000000000002,1.5373316284563188,0.5786188681058564,0.6182146928881882,1088.3763741283672,0.0956745580786485,0.0,0,,,
dynamic_mixed,async_ps_ssp,async_ps_ssp,4,0,31,success,ps,4,0.11761552499977873,9.552499977871776e-05,0.0001142999972216785,0.18080000000000002,1.537212030472509,0.6113426563871145,0.6131471071418293,1088.2917029893867,0.20596735527358517,0.0,0,,,
dynamic_mixed,async_ps_ssp,async_ps_ssp,4,0,32,success,ps,4,0.11761009999484989,9.00999948498793e-05,0.00010019999172072858,0.18080000000000002,1.5372829375021124,0.6214272807879397,0.6097455184835189,1088.3419026563627,0.08752213228088378,0.0,0,,,
dynamic_mixed,async_ps_ssp,async_ps_ssp,4,0,33,success,ps,4,0.11760092499774649,8.092499774647877e-05,9.950000094249845e-05,0.18080000000000002,1.5374028733486966,0.6506131464067628,0.6077544889797661,1088.4268129902275,0.14367345209768007,0.0,0,,,
dynamic_mixed,async_ps_ssp,async_ps_ssp,4,0,34,success,ps,4,0.1187375062170935,8.22750007500872e-05,9.709999721962959e-05,0.18254650956360524,1.5373955153635,0.6374265966118309,0.6035849724070309,1078.0081549461838,0.1193492843202724,0.0,0,,,
dynamic_mixed,async_ps_ssp,async_ps_ssp,4,0,35,success,ps,4,0.11762719999772847,0.00010719999772845767,0.0001348000077996403,0.18080000000000002,1.5370594556657942,0.6616222698246157,0.6002000054069818,1088.1836854271107,0.1956766858162707,0.0,0,,,
dynamic_mixed,ring_allreduce,ring_allreduce,2,0,0,success,ring,2,0.030479019803193313,0.0001358500012429431,0.0001652000064495951,0.0296,0.9711598401500688,1.1040410143030117,0.985934308321626,2099.8050597839324,0.21604714554339735,0.0,0,,,
dynamic_mixed,ring_allreduce,ring_allreduce,2,0,1,success,ring,2,0.031201501180250554,8.635000267531723e-05,8.64000030560419e-05,0.03111410059054401,0.997198833825282,0.9616972730678501,0.9245387406624699,2051.1833591042005,0.0005790431800405458,0.0,0,,,
dynamic_mixed,ring_allreduce,ring_allreduce,2,0,2,success,ring,2,0.02981539294731198,6.454999675042927e-05,7.110000296961516e-05,0.0296,0.9927757803597421,0.9120613972809495,0.8807644697904629,2146.5422278048477,0.10147182722624232,0.0,0,,,
dynamic_mixed,ring_allreduce,ring_allreduce,2,0,3,success,ring,2,0.03129743291130661,7.980000373208895e-05,8.240000170189887e-05,0.031161338718017493,0.9956515860685831,0.8621704897300274,0.8394829080460082,2044.8961479163092,0.032581426261049026,0.0,0,,,
dynamic_mixed,ring_allreduce,ring_allreduce,2,0,4,success,ring,2,0.031393525112108585,8.969999180408195e-05,9.99999901978299e-05,0.031063870758244943,0.989499288382352,0.7716668864117622,0.8143680659211996,2038.6369409440736,0.11482719308846184,0.0,0,,,
dynamic_mixed,ring_allreduce,ring_allreduce,2,0,5,success,ring,2,0.03090436226579654,6.864999886602163e-05,6.880000000819564e-05,0.030832555687899648,0.99767649054592,0.910033077805509,0.8035507693197133,2070.9050537772177,0.002185013000243991,0.0,0,,,
dynamic_mixed,ring_allreduce,ring_allreduce,2,0,6,success,ring,2,0.029680733463426753,7.335000555031002e-05,7.37000082153827e-05,0.0296,0.9972799370498633,0.7791356985984655,0.7925159619225276,2156.2809449726774,0.00477167871597416,0.0,0,,,
dynamic_mixed,ring_allreduce,ring_allreduce,2,0,7,success,ring,2,0.029761740116226818,7.945000106701627e-05,8.320000779349357e-05,0.0296,0.9945655020306211,0.8100315828447981,0.7763231176519919,2150.411896282424,0.047199579973757025,0.0,0,,,
dynamic_mixed,ring_allreduce,ring_allreduce,2,0,8,success,ring,2,0.029704440578696003,7.670000195503235e-05,7.79999973019585e-05,0.0296,0.9964840078903587,0.6947046444515916,0.7613012879595996,2154.560017060235,0.016949091223481615,0.0,0,,,
dynamic_mixed,ring_allreduce,ring_allreduce,2,0,9,success,ring,2,0.02982850477397949,8.57499981066212e-05,9.210000280290842e-05,0.0296,0.9923393822214374,0.7566856682408122,0.7531422539657356,2145.598664262567,0.0740525336728184,0.0,0,,,
dynamic_mixed,ring_allreduce,ring_allreduce,2,0,10,success,ring,2,0.03066984522629163,9.02499959920533e-05,9.439999121241271e-05,0.03048862871975723,0.9940913785121076,0.6736322902259091,0.7455146408210698,2086.7402338612455,0.04598332807395917,0.0,0,,,
dynamic_mixed,ring_allreduce,ring_allreduce,2,0,11,success,ring,2,0.030266978334115558,8.055000216700137e-05,8.189999789465219e-05,0.030157625910918535,0.9963870716795747,0.8335425881597924,0.7447115730788778,2114.5156709568896,0.016759722837650603,0.0,0,,,
dynamic_mixed,ring_allreduce,ring_allreduce,2,0,12,success,ring,2,0.031010540319195763,8.315000013681129e-05,8.370001160074025e-05,0.030915767315344393,0.9969438454513898,0.6228391745570814,0.744361182441082,2063.8144108822094,0.006614689794459575,0.0,0,,,
dynamic_mixed,ring_allreduce,ring_allreduce,2,0,13,success,ring,2,0.0322411460692847,9.744999988470227e-05,0.0001100999943446368,0.03184520424716085,0.9877193626655519,0.8385723546970985,0.7391125982159333,1985.0410981814052,0.12981010102710358,0.0,0,,,
dynamic_mixed,ring_allreduce,ring_allreduce,2,0,14,success,ring,2,0.030331758225472176,7.775000267429277e-05,7.82000133767724e-05,0.0302445059056541,0.9971234005239827,0.6348029371967452,0.7278840659598219,2109.9996750684145,0.005787918729429232,0.0,0,,,
dynamic_mixed,ring_allreduce,ring_allreduce,2,0,15,success,ring,2,0.13624117963333707,0.002662799997779075,0.005239499994786456,0.0296,0.21726177121823106,0.7143140329702027,0.7167745966369494,469.7551810123915,0.9676656144617802,0.0,0,,,
dynamic_mixed,ring_allreduce,ring_allreduce,2,0,16,success,ring,2,0.13985835735415492,0.0027784999983850867,0.005450099997688085,0.0296,0.21164269736877933,0.7441831612819821,0.7207839660374432,457.605832148712,0.9615260032010989,0.0,0,,,
dynamic_mixed,ring_allreduce,ring_allreduce,2,0,17,success,ring,2,0.14135251682847572,0.002814100000250619,0.005521300001419149,0.0296,0.20940553917351282,0.6867340788379926,0.7223569160055783,452.7687333481358,0.9620127216393942,0.0,0,,,
dynamic_mixed,ring_allreduce,ring_allreduce,2,0,18,success,ring,2,0.13620392656404853,0.002674700001080055,0.0052543000056175515,0.0296,0.21732119437893663,0.6518152746084778,0.7245364398149936,469.88366352202513,0.9644446115569593,0.0,0,,,
dynamic_mixed,ring_allreduce,ring_allreduce,2,0,19,success,ring,2,0.1392559410534178,0.0027534499968169257,0.005399799993028864,0.030060824621544514,0.21586744805389202,0.7786112471405628,0.716597289157811,459.58541887595277,0.9611033424649434,0.0,0,,,
dynamic_mixed,ring_allreduce,ring_allreduce,2,0,20,success,ring,2,0.1354188903618616,0.0026870000001508743,0.005256999997072853,0.0296,0.21858102603635224,0.7478266639128365,0.709901877282636,472.6076238623832,0.9564570137034675,0.0,0,,,
dynamic_mixed,ring_allreduce,ring_allreduce,2,0,21,success,ring,2,0.13722356771593,0.0027021999994758517,0.005299900003592484,0.030024842616300985,0.21880237568561237,0.7481647278591192,0.7171579510943086,466.3921880568506,0.9613278083262462,0.0,0,,,
dynamic_mixed,ring_allreduce,ring_allreduce,2,0,22,success,ring,2,0.13530929129817135,0.0026641000076779164,0.005208700007642619,0.030599386410153345,0.2261440150678469,0.6959421874505192,0.7087129043892488,472.9904309303328,0.9551443232896815,0.0,0,,,
dynamic_mixed,ring_allreduce,ring_allreduce,2,0,23,success,ring,2,0.14582676068581413,0.002915450000728015,0.005727700001443736,0.0296,0.20298057682138076,0.746696756809355,0.7096980598607733,438.87692285703946,0.9646023766653087,0.0,0,,,
dynamic_mixed,ring_allreduce,ring_allreduce,2,0,24,success,ring,2,0.14074559406075554,0.0027873000071849674,0.0054764000087743625,0.0296,0.21030853716971482,0.6667052479781586,0.7061207474599612,454.72116144803203,0.9647687703845278,0.0,0,,,
dynamic_mixed,ring_allreduce,ring_allreduce,2,0,25,success,ring,2,0.138389747232203,0.002700550001463853,0.005303999991156161,0.030819922059471858,0.2227037961689414,0.6871163362036604,0.705456214343079,462.4620051701875,0.9640443566373682,0.0,0,,,
dynamic_mixed,ring_allreduce,ring_allreduce,2,0,26,success,ring,2,0.14577745672799464,0.002919099999417085,0.00573160000203643,0.0296,0.20304922766783126,0.5534963648596005,0.7002286200976128,439.0253571196351,0.9634818958643043,0.0,0,,,
dynamic_mixed,ring_allreduce,ring_allreduce,2,0,27,success,ring,2,0.1476957534455422,0.0029727000001003034,0.005830699999933131,0.02975054076241765,0.20143125356266356,0.5719359558565151,0.6984121683560375,433.3232236334935,0.9614155477427856,0.0,0,,,
dynamic_mixed,ring_allreduce,ring_allreduce,2,0,28,success,ring,2,0.13936460764966774,0.00274169999465812,0.005385299999034032,0.03012710556026889,0.21617472375771238,0.7583737014970917,0.697047555666592,459.2270668955066,0.964219283131793,0.0,0,,,
dynamic_mixed,ring_allreduce,ring_allreduce,2,0,29,success,ring,2,0.13950749717337257,0.0027631999910227023,0.0054107999894768,0.030407973348255946,0.2179665893544525,0.5656834948983297,0.6947441632402227,458.7567069636707,0.958164449224689,0.0,0,,,
dynamic_mixed,ring_allreduce,ring_allreduce,2,0,30,success,ring,2,0.029937561774985,9.845000022323802e-05,0.00010879999899771065,0.0296,0.9887244733715403,0.6262584830585685,0.6951684708672732,2137.7826451276546,0.10512949360969254,0.0,0,,,
dynamic_mixed,ring_allreduce,ring_allreduce,2,0,31,success,ring,2,0.03133155021546271,8.394999895244837e-05,8.949999755714089e-05,0.03112371195421445,0.9933664865026152,0.5890802895483261,0.6976701170146958,2042.6694357566384,0.06611076364307557,0.0,0,,,
dynamic_mixed,ring_allreduce,ring_allreduce,2,0,32,success,ring,2,0.029736779621126037,8.05000017862767e-05,8.310000703204423e-05,0.0296,0.9954003216599533,0.6985025423921504,0.7048197325222281,2152.2169116971963,0.03229820069286721,0.0,0,,,
dynamic_mixed,ring_allreduce,ring_allreduce,2,0,33,success,ring,2,0.029836819700610973,6.78000069456175e-05,7.510000432375818e-05,0.0296,0.9920628370252839,0.7705729447071994,0.7070618662071176,2145.0007287033163,0.1076695652306712,0.0,0,,,
dynamic_mixed,ring_allreduce,ring_allreduce,2,0,34,success,ring,2,0.030929499043037764,6.589999975403771e-05,7.500000356230885e-05,0.03064736692711488,0.9908782190254585,0.7667882943950961,0.6964810222874804,2069.2220042408485,0.13808806834821744,0.0,0,,,
dynamic_mixed,ring_allreduce,ring_allreduce,2,0,35,success,ring,2,0.032751096762194745,0.00018510000518290326,0.0002800000074785203,0.0296,0.9037865270566414,0.7090245607531155,0.6910230582822023,1954.133031473819,0.5126958353628756,0.0,0,,,
dynamic_mixed,ring_allreduce,ring_allreduce,4,0,0,success,ring,4,0.05666417866568416,0.0001370250029140152,0.00014350000128615648,0.0564,0.9953378188494921,1.1039739425412598,1.0188997076453965,2258.922709445656,0.042048314744387895,0.0,0,,,
dynamic_mixed,ring_allreduce,ring_allreduce,4,0,1,success,ring,4,0.05852122267403287,0.00010877500244532712,0.00012080000306013972,0.058142534230609555,0.9935290408142592,1.0030724950736154,0.9519491461184731,2187.240699206997,0.10674190141981542,0.0,0,,,
dynamic_mixed,ring_allreduce,ring_allreduce,4,0,2,success,ring,4,0.05765454316416399,6.907500210218132e-05,7.529999129474163e-05,0.05740164837456861,0.9956136190538308,0.9928126665419423,0.9126667242641545,2220.119924210244,0.11792484650196527,0.0,0,,,
dynamic_mixed,ring_allreduce,ring_allreduce,4,0,3,success,ring,4,0.056798967172848075,6.587499956367537e-05,7.959999493323267e-05,0.0564,0.9929758023304551,0.8662843419300057,0.8723690086579229,2253.562104579756,0.2006075365850983,0.0,0,,,
dynamic_mixed,ring_allreduce,ring_allreduce,4,0,4,success,ring,4,0.05786722368086581,6.0200000007171184e-05,8.539999544154853e-05,0.05736054357296067,0.99124409163468,0.8804928677583003,0.8464334764126574,2211.960274885696,0.24665113287501828,0.0,0,,,
dynamic_mixed,ring_allreduce,ring_allreduce,4,0,5,success,ring,4,0.056977393903362,6.130000110715628e-05,8.75000114319846e-05,0.0564,0.9898662633755889,0.8759904028782302,0.8274144417146487,2246.5049948949536,0.2799393302427248,0.0,0,,,
dynamic_mixed,ring_allreduce,ring_allreduce,4,0,6,success,ring,4,0.05678467359362032,6.587499592569657e-05,8.410000009462237e-05,0.0564,0.9932257496737018,0.8511684213341341,0.8087918863672631,2254.1293609615927,0.17870011485583753,0.0,0,,,
dynamic_mixed,ring_allreduce,ring_allreduce,4,0,7,success,ring,4,0.05679455452499342,5.772499935119413e-05,7.79999973019585e-05,0.0564,0.9930529514969645,0.7600902878853852,0.7926353683841804,2253.737194886728,0.20291957605203273,0.0,0,,,
dynamic_mixed,ring_allreduce,ring_allreduce,4,0,8,success,ring,4,0.05736229165640212,6.464999751187861e-05,8.279999019578099e-05,0.05684686045967837,0.9910144594673594,0.7909864754221007,0.779731185273913,2231.4310726411522,0.2612507595139874,0.0,0,,,
dynamic_mixed,ring_allreduce,ring_allreduce,4,0,9,success,ring,4,0.05676359164537611,6.309999662335031e-05,8.009999874047935e-05,0.0564,0.9935946328476252,0.7656004922282635,0.7757314831455662,2254.9665426329084,0.17696108058261806,0.0,0,,,
dynamic_mixed,ring_allreduce,ring_allreduce,4,0,10,success,ring,4,0.05673104023961541,7.235000157379545e-05,8.359999628737569e-05,0.0564,0.9941647422959778,0.7428277065462017,0.7648437779435542,2256.2604080476094,0.14799058272529883,0.0,0,,,
dynamic_mixed,ring_allreduce,ring_allreduce,4,0,11,success,ring,4,0.05749880182939903,9.859999772743322e-05,0.00013329999637790024,0.05680659163887841,0.9879613110448034,0.7602001016003141,0.7582760498018192,2226.1333441309002,0.20964373943350748,0.0,0,,,
dynamic_mixed,ring_allreduce,ring_allreduce,4,0,12,success,ring,4,0.05741937808957084,8.142500519170426e-05,0.0001024999946821481,0.0569738051444097,0.9922400248838281,0.8308094449941807,0.7527959204947058,2229.212580469394,0.1673526674527417,0.0,0,,,
dynamic_mixed,ring_allreduce,ring_allreduce,4,0,13,success,ring,4,0.05747903799662487,8.365000030607916e-05,8.949999755714089e-05,0.05728693027216371,0.9966577776671829,0.7461929095187554,0.7441040568352688,2226.898787128554,0.05732275402494496,0.0,0,,,
dynamic_mixed,ring_allreduce,ring_allreduce,4,0,14,success,ring,4,0.05667682445322086,8.325000089826062e-05,9.299999510403723e-05,0.05642978792407581,0.9956413131552749,0.6612273080085171,0.7363545741722025,2258.4186964399687,0.08281534524205518,0.0,0,,,
dynamic_mixed,ring_allreduce,ring_allreduce,4,0,15,success,ring,4,0.24741111068568028,0.0014477000004262663,0.0055604000081075355,0.05945062899232267,0.24029086174650752,0.7464484955926252,0.7330564589705603,517.357525477567,1.640170504094087,1.0,0,,,
dynamic_mixed,ring_allreduce,ring_allreduce,4,0,16,success,ring,4,0.23804474429793177,0.001434025001799455,0.005445100003271364,0.0567338738109452,0.23833281418697605,0.7879328286754803,0.7268265782309626,537.7140351386961,1.6148993625282984,1.0,0,,,
dynamic_mixed,ring_allreduce,ring_allreduce,4,0,17,success,ring,4,0.22477345159978318,0.0014289499958977103,0.005250200003501959,0.05740427030830307,0.2553872350125821,0.6163401714219483,0.7222271319582408,569.4622700723054,1.5439314805135274,1.0,0,,,
dynamic_mixed,ring_allreduce,ring_allreduce,4,0,18,success,ring,4,0.2294186452362163,0.0014976499987824354,0.005462000000989065,0.05700757573944756,0.2484871082764474,0.7482402247823108,0.718483091296311,557.9319844217865,1.5282778237417465,1.0,0,,,
dynamic_mixed,ring_allreduce,ring_allreduce,4,0,19,success,ring,4,0.23892599905830453,0.0014914750026946422,0.005568100008531474,0.05761975580625804,0.24116151458342228,0.695624605806841,0.7135754899857621,535.7307304541791,1.5780799821684959,1.0,0,,,
dynamic_mixed,ring_allreduce,ring_allreduce,4,0,20,success,ring,4,0.23079342742441375,0.001489999998739222,0.005472799995914102,0.0564,0.2443743768156974,0.66816401770889,0.7109602880823782,554.6085147590296,1.543274261389169,1.0,0,,,
dynamic_mixed,ring_allreduce,ring_allreduce,4,0,21,success,ring,4,0.2390090779701432,0.0015300250015570782,0.00566709999111481,0.0564,0.2359743005537448,0.7443838072045094,0.7120177435679925,535.5445118950237,1.5611333685345918,1.0,0,,,
dynamic_mixed,ring_allreduce,ring_allreduce,4,0,22,success,ring,4,0.23345409567093947,0.001505400003225077,0.005540900005144067,0.0564,0.2415892505030089,0.7314168632123712,0.7077263536352135,548.2876607160485,1.5477015963703171,1.0,0,,,
dynamic_mixed,ring_allreduce,ring_allreduce,4,0,23,success,ring,4,0.22119019742306342,0.0014481000034720637,0.00525519999791868,0.0564,0.2549841749638006,0.6781545901991306,0.7071788473200267,578.6874892795474,1.5178775069295984,1.0,0,,,
dynamic_mixed,ring_allreduce,ring_allreduce,4,0,24,success,ring,4,0.22708795497411594,0.0014172249975672457,0.005266199994366616,0.0566704209097917,0.249552737908319,0.7022207964511437,0.7049106829970022,563.658253096646,1.5680313532207673,1.0,0,,,
dynamic_mixed,ring_allreduce,ring_allreduce,4,0,25,success,ring,4,0.23673899134031193,0.0014562500000465661,0.005480199994053692,0.0564,0.23823705457511682,0.6877135850923364,0.7020474429785017,540.6798401704779,1.5953687049376786,1.0,0,,,
dynamic_mixed,ring_allreduce,ring_allreduce,4,0,26,success,ring,4,0.22336373247404387,0.0014219499971659388,0.005229999995208345,0.0564,0.2525029438543878,0.6095703423454276,0.7004760217145886,573.0563264780433,1.5462115929924833,1.0,0,,,
dynamic_mixed,ring_allreduce,ring_allreduce,4,0,27,success,ring,4,0.23301746053587824,0.0014117499995336402,0.005336100002750754,0.0564,0.24204194771625692,0.7828015149117488,0.6917473322038025,549.3150586468242,1.6049301966307987,1.0,0,,,
dynamic_mixed,ring_allreduce,ring_allreduce,4,0,28,success,ring,4,0.24332054738086561,0.0014952750025258865,0.005643099997541867,0.056923605223066304,0.23394491684241006,0.7664032786189231,0.692839938680822,526.055038827624,1.601547396280358,1.0,0,,,
dynamic_mixed,ring_allreduce,ring_allreduce,4,0,29,success,ring,4,0.22820135739982988,0.0013947499974165112,0.005236700002569705,0.0564,0.24715015126392076,0.6992894696121609,0.6904155268487685,560.9081447124443,1.5903589790853505,1.0,0,,,
dynamic_mixed,ring_allreduce,ring_allreduce,4,0,30,success,ring,4,0.05679399997513082,9.075000343727879e-05,0.00010790000669658184,0.0564,0.9930626478976062,0.6906527005300525,0.6892090091561626,2253.759200902369,0.13257643682950065,0.0,0,,,
dynamic_mixed,ring_allreduce,ring_allreduce,4,0,31,success,ring,4,0.05672534573239652,0.000100200002634665,0.00011160000576637685,0.0564,0.9942645438613745,0.6907273017694759,0.687267892225599,2256.4869080541835,0.09576420949188767,0.0,0,,,
dynamic_mixed,ring_allreduce,ring_allreduce,4,0,32,success,ring,4,0.05664518482758704,9.949999366654083e-05,0.00010989999282173812,0.0564,0.995671568054137,0.7172257892410777,0.6869805698874482,2259.6801544491054,0.061549064422935056,0.0,0,,,
dynamic_mixed,ring_allreduce,ring_allreduce,4,0,33,success,ring,4,0.05660152071608544,8.08000004326459e-05,8.749999688006938e-05,0.0564,0.996439658978488,0.6859861790059938,0.6858015496591593,2261.4233395256465,0.06515469901196336,0.0,0,,,
dynamic_mixed,ring_allreduce,ring_allreduce,4,0,34,success,ring,4,0.056759283394240724,9.797499660635367e-05,0.00011019999510608613,0.0564,0.993670050558158,0.6202637027233044,0.6853322263697487,2255.1377033944013,0.11301425145021678,0.0,0,,,
dynamic_mixed,ring_allreduce,ring_allreduce,4,0,35,success,ring,4,0.057359103471340704,8.264999996754341e-05,0.00010459999612066895,0.05689372511053028,0.9918865823793263,0.6898647800920601,0.6898531971763492,2231.5551020415583,0.17245620366637354,0.0,0,,,
dynamic_mixed,adaptive,ring_allreduce,2,0,0,success,ring,2,0.03045689849246344,0.0001425500013283454,0.00015730000450275838,0.029974074036490436,0.9841472874825885,1.0891191344072184,0.9711556249534435,2101.33018028204,0.10347248638017054,0.0,0,,,
dynamic_mixed,adaptive,ring_allreduce,2,0,1,success,ring,2,0.02988564792211195,9.999999747378752e-05,0.00010819999442901462,0.0296,0.9904419699095564,0.9678440043258537,0.8839192087844184,2141.4961511557976,0.08199997080376487,0.0,0,,,
dynamic_mixed,adaptive,ring_allreduce,2,0,2,success,ring,2,0.031276834743826434,9.669999417383224e-05,0.00010150000161956996,0.031074569325902447,0.9935330598642527,0.8666151012219574,0.8155168517871201,2046.242867099351,0.04963813531850764,0.0,0,,,
dynamic_mixed,adaptive,ring_allreduce,2,0,3,success,ring,2,0.02971229958020929,8.459999662591144e-05,8.589999924879521e-05,0.0296,0.996220434574371,0.8409334203494245,0.7820311908713224,2153.9901288094507,0.015366461694623024,0.0,0,,,
dynamic_mixed,adaptive,ring_allreduce,2,0,4,success,ring,2,0.030195448633110213,8.525000157533213e-05,9.499999578110874e-05,0.029883146729896053,0.9896573186572326,0.6879706293520726,0.7457168334006181,2119.5247263132924,0.11436943004383969,0.0,0,,,
dynamic_mixed,adaptive,ring_allreduce,2,0,5,success,ring,2,0.031108242460939833,6.719999510096386e-05,7.789999654050916e-05,0.03078226802288546,0.9895212839984877,0.7703280177873251,0.733376968380362,2057.3325568090113,0.15922622113651927,0.0,0,,,
dynamic_mixed,adaptive,ring_allreduce,2,0,6,success,ring,2,0.031327889741413116,7.259999983943999e-05,7.850000110920519e-05,0.03112180018083678,0.9934215307102572,0.7374762816292049,0.703759676316029,2042.9081093003467,0.08126723418107758,0.0,0,,,
dynamic_mixed,adaptive,ring_allreduce,2,0,7,success,ring,2,0.02980655350113793,7.955000182846561e-05,8.040000102482736e-05,0.029708971869986462,0.9967261685874638,0.7557807508855829,0.6925131678024413,2147.178807424235,0.010685093226138675,0.0,0,,,
dynamic_mixed,adaptive,ring_allreduce,2,0,8,success,ring,2,0.02974035943795059,6.904999463586137e-05,7.229999755509198e-05,0.0296,0.9952805063353914,0.7636985783454817,0.6850603614388604,2151.9578515359813,0.047067387757265974,0.0,0,,,
dynamic_mixed,adaptive,ring_allreduce,2,0,9,success,ring,2,0.029836360230855428,6.719999510096386e-05,7.449999975506216e-05,0.0296,0.9920781144540883,0.7635009901166582,0.6843903893232841,2145.0337609818125,0.10863102794128879,0.0,0,,,
dynamic_mixed,adaptive,ring_allreduce,2,0,10,success,ring,2,0.029817960198151694,7.075000030454248e-05,7.71999912103638e-05,0.0296,0.9926903048799024,0.5953168957669484,0.6721902200434281,2146.3574159565455,0.09116594751790066,0.0,0,,,
dynamic_mixed,adaptive,ring_allreduce,2,0,11,success,ring,2,0.029911998188999044,6.155000301077962e-05,6.160000339150429e-05,0.029849397365649292,0.9979071667845723,0.6425616615326115,0.6588833155685864,2139.609650803528,0.0008123538174897867,0.0,0,,,
dynamic_mixed,adaptive,ring_allreduce,2,0,12,success,ring,2,0.029693928367850057,8.65500041982159e-05,8.690000686328858e-05,0.0296,0.9968367820287546,0.7241859801950647,0.6478328329885951,2155.322771954064,0.004043935806486749,0.0,0,,,
dynamic_mixed,adaptive,ring_allreduce,2,0,13,success,ring,2,0.029969738490469713,8.335000893566757e-05,8.840000373311341e-05,0.02977421922921258,0.99347611053332,0.6531638118537995,0.6454921284767381,2135.4874357796552,0.060587812783029,0.0,0,,,
dynamic_mixed,adaptive,ring_allreduce,2,0,14,success,ring,2,0.03139930077252503,8.64000030560419e-05,8.800000068731606e-05,0.031278708228772434,0.9961593876046401,0.649425886128806,0.6398616384975128,2038.2619493234445,0.018518490233361013,0.0,0,,,
dynamic_mixed,adaptive,ring_allreduce,2,0,15,success,ring,2,0.14201639793168455,0.0027721000005840324,0.005459299994981848,0.030715094347017222,0.2162785058229148,0.6328302838241009,0.6317716589560043,450.6521847623998,0.9693733966531859,0.0,0,,,
dynamic_mixed,adaptive,ring_allreduce,2,0,16,success,ring,2,0.13421121227224236,0.0026504500056034885,0.0051894000062020496,0.0296,0.22054789237696118,0.6498580054766347,0.6141448148510457,476.8603078420782,0.9579316698194157,0.0,0,,,
dynamic_mixed,adaptive,ring_allreduce,2,0,17,success,ps,2,0.134065791218944,0.002657999997609295,0.005196699989028275,0.0296,0.22078712049414595,0.6174332589349454,0.6140436356167953,477.3775578251804,0.9551166263157508,0.0,1,cv=0.955 > 0.300,,
dynamic_mixed,adaptive,async_ps_ssp,2,0,18,success,ps,2,0.06511531232964146,0.0030470499987131916,0.005868300009751692,0.09548963435527427,1.4664697279169152,0.5999655580488595,0.6097859989172746,982.8717349308673,0.9258955420173792,0.0,0,,,
dynamic_mixed,adaptive,async_ps_ssp,2,0,19,success,ps,2,0.06439341663930634,0.0028617499992833473,0.005605400001513772,0.0946641025231123,1.4700897617122004,0.5680272378942033,0.6078174131696069,993.8904214151265,0.9587315460675357,0.0,0,,,
dynamic_mixed,adaptive,async_ps_ssp,2,0,20,success,ps,2,0.0641367823288217,0.002734749999945052,0.0053656999953091145,0.09446466512134868,1.4728625554839891,0.6252412516400512,0.6060678781944938,997.8673340966744,0.9620440605009163,0.0,0,,,
dynamic_mixed,adaptive,async_ps_ssp,2,0,21,success,ps,2,0.06448850587046795,0.002851500001270324,0.00560859999677632,0.09482616287568865,1.4704351046085193,0.6988337970414761,0.6063287278108028,992.4249156671552,0.966894614522473,0.0,0,,,
dynamic_mixed,adaptive,async_ps_ssp,2,0,22,success,ps,2,0.06422819999746514,0.002868199997465126,0.0056031999993138015,0.09440000000000001,1.4697593892359688,0.5055175426559565,0.6037854018189487,996.4470435498092,0.9535597250234534,0.0,0,,,
dynamic_mixed,adaptive,async_ps_ssp,2,0,23,success,ps,2,0.06444220771630946,0.002735549998760689,0.005344700010027736,0.09493331956545963,1.4731543646577037,0.5726741827656986,0.6011931488621867,993.1379179581158,0.953793574051032,0.0,0,,,
dynamic_mixed,adaptive,async_ps_ssp,2,0,24,success,ps,2,0.06428940641989347,0.0028369000065140426,0.005562700011068955,0.09454231755904528,1.4705738133832025,0.5894113857907426,0.5994695354874457,995.4983808995953,0.960837532988522,0.0,0,,,
dynamic_mixed,adaptive,async_ps_ssp,2,0,25,success,ps,2,0.06431675000234043,0.0029567500023404136,0.0058246999979019165,0.09440000000000001,1.4677358541369843,0.6413100062667826,0.5950456278847562,995.0751553471079,0.969967022007749,0.0,0,,,
dynamic_mixed,adaptive,async_ps_ssp,2,0,26,success,ps,2,0.06442187453582632,0.0027720999933080748,0.005433899990748614,0.09484580698848961,1.472260900072753,0.5583736441316862,0.5949428180592415,993.4513775194215,0.9602106716590263,0.0,0,,,
dynamic_mixed,adaptive,async_ps_ssp,2,0,27,success,ps,2,0.0655808866359891,0.0027953999961027876,0.005484099994646385,0.09659305636905587,1.472884270461328,0.5876822962871215,0.5953489720905476,975.8940948028971,0.9618301500072347,0.0,0,,,
dynamic_mixed,adaptive,async_ps_ssp,2,0,28,success,ps,2,0.0644533405238224,0.002831700003298465,0.005543300008866936,0.09480252387772911,1.470870603559942,0.585109642444221,0.5931447715541412,992.9663766045634,0.9575873155533126,0.0,0,,,
dynamic_mixed,adaptive,async_ps_ssp,2,0,29,success,ps,2,0.06420274999285118,0.002842749992851168,0.005595899987383746,0.09440000000000001,1.4703420026480365,0.580137141742263,0.5876943086930112,996.842035693584,0.9684812243382661,0.0,0,,,
dynamic_mixed,adaptive,async_ps_ssp,2,0,30,success,ps,2,0.061437450007665914,7.745000766590238e-05,8.670000534038991e-05,0.09440000000000001,1.5365221048110096,0.5003412803387461,0.5831390724020586,1041.7099015667861,0.1194318481536836,0.0,0,,,
dynamic_mixed,adaptive,async_ps_ssp,2,0,31,success,ps,2,0.06145954999404728,9.95499940472655e-05,0.00011789999553002417,0.09440000000000001,1.535969593157503,0.6422228909673602,0.5841100766758272,1041.3353173949172,0.18432950673725546,0.0,0,,,
dynamic_mixed,adaptive,async_ps_ssp,2,0,32,success,ps,2,0.0614426999967103,8.269999671028927e-05,8.399999933317304e-05,0.09440000000000001,1.5363908162410551,0.5507489679875488,0.5846533625095669,1041.6208923668169,0.01571950010733827,0.0,0,,,
dynamic_mixed,adaptive,async_ps_ssp,2,0,33,success,ps,2,0.06144594999962953,8.594999962951988e-05,0.00010140000085812062,0.09440000000000001,1.5363095533646915,0.560562602271421,0.5863133104568834,1041.565798891316,0.17975568488005775,0.0,0,,,
dynamic_mixed,adaptive,async_ps_ssp,2,0,34,success,ps,2,0.061453200003902905,9.320000390289351e-05,9.590000263415277e-05,0.09440000000000001,1.5361283056700814,0.6129600308478013,0.5847365799046308,1041.44291909836,0.028969941944449747,0.0,0,,,
dynamic_mixed,adaptive,async_ps_ssp,2,0,35,success,ring,2,0.06144385000546697,8.385000546695665e-05,8.610000077169389e-05,0.09440000000000001,1.536362060508916,0.5653650182278979,0.5822040888728104,1041.6013969551973,0.026833573419268744,0.0,1,cv=0.027 < 0.150,,
dynamic_mixed,adaptive,ring_allreduce,4,0,0,success,ring,4,0.0584325598816989,0.00015070000517880544,0.00020900000527035445,0.05727628182877174,0.9802117508582863,1.1014919854532583,0.8498676013214206,2190.5595144067897,0.2266215367869121,0.0,0,,,
dynamic_mixed,adaptive,ring_allreduce,4,0,1,success,ring,4,0.05676520897724072,0.0001065500036929734,0.0001238000113517046,0.0564,0.993566323742644,0.8518866879683864,0.7298604455282439,2254.9022950187664,0.09749957340601585,0.0,0,,,
dynamic_mixed,adaptive,ring_allreduce,4,0,2,success,ring,4,0.05670671054639504,0.00012172499918960966,0.00013010000111535192,0.0564,0.9945912830520454,0.7060203644567705,0.6516077696584832,2257.2284438060606,0.06787492074004671,0.0,0,,,
dynamic_mixed,adaptive,ring_allreduce,4,0,3,success,ring,4,0.05702387125632713,0.00011029999950551428,0.00012450000212993473,0.05670845062286125,0.9944686211841347,0.6565514090955242,0.606371784227903,2244.6739791591694,0.07667495103200646,0.0,0,,,
dynamic_mixed,adaptive,ring_allreduce,4,0,4,success,ring,4,0.057298445208581114,0.00016984999820124358,0.00020849998691119254,0.0564,0.9843199024805901,0.6217637548753785,0.5674820786541287,2233.9175091758075,0.16545449999567455,0.0,0,,,
dynamic_mixed,adaptive,ring_allreduce,4,0,5,success,ring,4,0.05837882476326617,0.00010812500113388523,0.00013559999933931977,0.057759617255680504,0.9893932858344334,0.511526163668643,0.5409640786253042,2192.5758272636845,0.17832135346704045,0.0,0,,,
dynamic_mixed,adaptive,ring_allreduce,4,0,6,success,ring,4,0.059284735868679966,0.00011805000031017698,0.000146100006531924,0.05862976680479393,0.9889521467155249,0.5040239529580174,0.5148685296073009,2159.0717766463426,0.17415093586697442,0.0,0,,,
dynamic_mixed,adaptive,ring_allreduce,4,0,7,success,ring,4,0.05804318971649943,0.00011454999548732303,0.00012299999070819467,0.05779585055322096,0.995738704842264,0.5253080288417382,0.49911862773112564,2205.2544084015863,0.05054438291189054,0.0,0,,,
dynamic_mixed,adaptive,ring_allreduce,4,0,8,success,ring,4,0.05675583153807708,0.00010159999874304049,0.00011239999730605632,0.056499800010399684,0.9954888947842192,0.48518088148491484,0.4816907724880943,2255.2748595380144,0.06389303105597174,0.0,0,,,
dynamic_mixed,adaptive,ring_allreduce,4,0,9,success,ring,4,0.05683259977479312,0.00010469999688211828,0.00011750000703614205,0.0564,0.9923881755100531,0.45676054248405784,0.46976051757526777,2252.228483427071,0.1340849995268773,0.0,0,,,
dynamic_mixed,adaptive,ring_allreduce,4,0,10,success,ring,4,0.05823586712727308,9.737499931361526e-05,0.00012620000052265823,0.05767627514114249,0.9903909392315288,0.46966369968459765,0.45723780056640656,2197.9581710401785,0.17170839295286508,0.0,0,,,
dynamic_mixed,adaptive,ring_allreduce,4,0,11,success,ring,4,0.05795362779199015,0.0001261000033991877,0.00014840000949334353,0.057411468386041095,0.9906449444736231,0.374548389689883,0.4481361648449484,2208.662423333075,0.13266825177439354,0.0,0,,,
dynamic_mixed,adaptive,ring_allreduce,4,0,12,success,ring,4,0.05671791627260829,9.645000318414532e-05,0.00010600000678095967,0.0564,0.9943947822222476,0.45505062696570475,0.43984048728560554,2256.782484476023,0.09996049635413685,0.0,0,,,
dynamic_mixed,adaptive,ring_allreduce,4,0,13,success,ring,4,0.05732850410724586,9.564999709255062e-05,0.0001016000023810193,0.05711646032082718,0.9963012503165615,0.40826587105503875,0.4337572095453294,2232.7462052829287,0.054352254650289755,0.0,0,,,
dynamic_mixed,adaptive,ring_allreduce,4,0,14,success,ring,4,0.05747284447552587,0.00013050000416114926,0.00018480001017451286,0.0564,0.9813330193534665,0.4880969442367519,0.42733181897557654,2227.138767327016,0.24027175769978373,0.0,0,,,
dynamic_mixed,adaptive,ring_allreduce,4,0,15,success,ring,4,0.23496522868301664,0.0014465999956883024,0.005436099992948584,0.0564,0.24003551638735135,0.3859097853112806,0.42021905551645816,544.7614556308683,1.5924019877728686,1.0,0,,,
dynamic_mixed,adaptive,ring_allreduce,4,0,16,success,ring,4,0.23954346160366968,0.0014518999996653292,0.0054973999940557405,0.057170243849375385,0.23866334512592502,0.3776851774662345,0.41588053933376573,534.3497966635342,1.6087224683622425,1.0,0,,,
dynamic_mixed,adaptive,ring_allreduce,4,0,17,success,ps,4,0.2269410120466787,0.0014383999950950965,0.005312599998433143,0.0564,0.24852273060454708,0.3955145631177934,0.41314820968950644,564.0232183932983,1.5550616656343104,1.0,1,cv=1.555 > 0.300,,
dynamic_mixed,adaptive,async_ps_ssp,4,0,18,success,ps,4,0.11898509999831325,0.0014650999983132351,0.005302599995047785,0.18080000000000002,1.519517990089205,0.37230080040187913,0.4116211321064588,1075.7649487357203,1.5122624103205529,1.0,0,,,
dynamic_mixed,adaptive,async_ps_ssp,4,0,19,success,ps,4,0.11910252499750235,0.0015825249975023326,0.005374999993364327,0.18080000000000002,1.5180198740857216,0.41067065545198167,0.41019653349969915,1074.704335635909,1.3853361994644178,1.0,0,,,
dynamic_mixed,adaptive,async_ps_ssp,4,0,20,success,ps,4,0.11951339260350753,0.0014790250024816487,0.005365899996832013,0.18159133477080905,1.5194224748790173,0.43818455293267566,0.4091833708119931,1071.0096769208726,1.5180916627452308,1.0,0,,,
dynamic_mixed,adaptive,async_ps_ssp,4,0,21,success,ps,4,0.11894302499807557,0.0014230249980755616,0.0053407999948831275,0.18080000000000002,1.5200555055912295,0.3919460872227862,0.40836119692497663,1076.145490684056,1.5895226350147107,1.0,0,,,
dynamic_mixed,adaptive,async_ps_ssp,4,0,22,success,ps,4,0.11892254999860191,0.0014025499986018986,0.005318399998941459,0.18080000000000002,1.5203172148774606,0.3893642144099693,0.40669928667484584,1076.3307715946623,1.6119349435548238,1.0,0,,,
dynamic_mixed,adaptive,async_ps_ssp,4,0,23,success,ps,4,0.11893582500145888,0.0014158250014588702,0.005374700005631894,0.18080000000000002,1.5201475249175957,0.3326848613024345,0.40499334139816046,1076.210637109802,1.6143986846877347,1.0,0,,,
dynamic_mixed,adaptive,async_ps_ssp,4,0,24,success,ps,4,0.11895857499642765,0.0014385749964276329,0.0053982999961590394,0.18080000000000002,1.519856807341795,0.3816202440507952,0.4036840714301174,1076.004819357023,1.5891776625448426,1.0,0,,,
dynamic_mixed,adaptive,async_ps_ssp,4,0,25,success,ps,4,0.11905099999806729,0.0015309999980672728,0.0057893000048352405,0.18080000000000002,1.518676869601559,0.3435917220765854,0.40271417380209995,1075.1694652046433,1.6058345259627425,1.0,0,,,
dynamic_mixed,adaptive,async_ps_ssp,4,0,26,success,ps,4,0.11910830615086028,0.00152992499715765,0.005784599998150952,0.1808898171595425,1.5187002737695803,0.3533665707645494,0.40158569614734024,1074.6521727701986,1.605619687066846,1.0,0,,,
dynamic_mixed,adaptive,async_ps_ssp,4,0,27,success,ps,4,0.119203865304089,0.0014757999997527804,0.005545399995753542,0.18112010046820956,1.519414659970734,0.36750512020103315,0.4000913711396474,1073.790683493963,1.5920793007863616,1.0,0,,,
dynamic_mixed,adaptive,async_ps_ssp,4,0,28,success,ps,4,0.11893570000414505,0.0014157000041450374,0.0053638000099454075,0.18080000000000002,1.5201491225401533,0.4238872857848565,0.39878470941439326,1076.21176817002,1.6101240882245478,1.0,0,,,
dynamic_mixed,adaptive,async_ps_ssp,4,0,29,success,ps,4,0.11896177499896615,0.0014417749989661388,0.005349800005205907,0.18080000000000002,1.5198159240778921,0.37846402621562014,0.39849406878111027,1075.9758754533748,1.565006474185086,1.0,0,,,
dynamic_mixed,adaptive,async_ps_ssp,4,0,30,success,ps,4,0.11861806969287078,0.00014719999307999387,0.00016539999342057854,0.18226287646121658,1.5365523729490516,0.4658296181336184,0.39744364679978783,1079.093601265146,0.11804342294137893,0.0,0,,,
dynamic_mixed,adaptive,async_ps_ssp,4,0,31,success,ps,4,0.11878171098263453,9.102500553126447e-05,0.0001241000136360526,0.18260105534938964,1.5372825819631886,0.3924353414527952,0.39722912143442424,1077.6069728336643,0.21404283219293876,0.0,0,,,
dynamic_mixed,adaptive,async_ps_ssp,4,0,32,success,ps,4,0.11760505000005245,8.505000005243346e-05,9.080000745598227e-05,0.18080000000000002,1.5373489488752343,0.39349774389624836,0.395818022700683,1088.3886363718473,0.06677396469785214,0.0,0,,,
dynamic_mixed,adaptive,async_ps_ssp,4,0,33,success,ps,4,0.11759957499474288,7.957499474287033e-05,0.0001075999898603186,0.18080000000000002,1.5374205222092208,0.3382610957617178,0.3951109043118455,1088.4393077587401,0.2300444577309641,0.0,0,,,
dynamic_mixed,adaptive,async_ps_ssp,4,0,34,success,ps,4,0.11827316210399016,0.00010410000322735868,0.00011670000094454736,0.1817985570780966,1.5371074370891729,0.3792160375544559,0.3947179058537454,1082.24044849209,0.13486804711225495,0.0,0,,,
dynamic_mixed,adaptive,async_ps_ssp,4,0,35,success,ps,4,0.11760757499745117,8.757499745115638e-05,9.729999874252826e-05,0.18080000000000002,1.5373159424800518,0.2851029046968015,0.39339469723412535,1088.3652690124259,0.15073306563168667,0.0,0,,,
worker_crash,sync_ps,sync_ps,2,0,0,success,ps,2,0.016278659143010674,0.0028653500048676506,0.005470700009027496,0.01080795913398318,0.6639342367840924,1.0903716256562233,0.9872057551549108,3931.527740568162,0.909260648376157,0.0,0,,,
worker_crash,sync_ps,sync_ps,2,0,1,success,ps,2,0.016454786388564235,0.0028432499966584146,0.005537799996091053,0.010916986392473184,0.6634535468695165,0.9842515445049034,0.9189420495189953,3889.4458116137434,0.9477006952085678,0.0,0,,,
worker_crash,sync_ps,sync_ps,2,0,2,success,ps,2,0.016340976723425958,0.002829650002240669,0.005475600002682768,0.010865376720743192,0.6649159903132901,0.9129845621347736,0.8538551748588593,3916.5345550153943,0.9350803093710576,0.0,0,,,
worker_crash,sync_ps,sync_ps,2,0,3,success,ps,2,0.0161055735392494,0.002770749997580424,0.005361499992432073,0.010744073546817329,0.6671028213080362,0.8660120486978486,0.8157286497914894,3973.7796262909565,0.9350356387905813,0.0,0,,,
worker_crash,sync_ps,sync_ps,2,0,4,success,ps,2,0.015899300000034273,0.002720750002481509,0.005259300000034273,0.01064,0.6692118520926748,0.828383673672985,0.7941948380548955,4025.3344486777432,0.93303316890725,0.0,0,,,
worker_crash,sync_ps,sync_ps,2,0,5,success,ps,2,0.01652343220358854,0.002969599998323247,0.005807499997899868,0.01071593220568867,0.6485294382943876,0.7821739150971383,0.763132931645155,3873.287293550341,0.9556505927476294,0.0,0,,,
worker_crash,sync_ps,sync_ps,2,0,6,success,ps,2,0.01599509072913476,0.00275464999867836,0.005303700003423728,0.010691390725711031,0.6684170103666159,0.838393627850981,0.7467346124754355,4001.227694409085,0.9253625705781139,0.0,0,,,
worker_crash,sync_ps,sync_ps,2,0,7,success,ps,2,0.0162602999985544,0.002888100003474392,0.005620299998554401,0.01064,0.654354470762897,0.7860353832939564,0.7341643375455019,3935.9667414309592,0.9460198714889184,0.0,0,,,
worker_crash,sync_ps,sync_ps,2,0,8,success,ps,2,0.015995000001145527,0.0027415500007919036,0.005355000001145527,0.01064,0.6652078774140661,0.7032768298877581,0.723069782130366,4001.250390460548,0.9532746069360205,0.0,0,,,
worker_crash,sync_ps,sync_ps,2,0,9,success,ps,2,0.016167799992705695,0.0028399499933584593,0.005527799992705695,0.01064,0.6580981954749792,0.6544270490842514,0.7101876759283411,3958.4853863156645,0.9464427207122066,0.0,0,,,
worker_crash,sync_ps,sync_ps,2,0,10,success,ps,2,0.01593600479916081,0.002690749999601394,0.005280900004436262,0.01065510479472455,0.6686183224094943,0.6230897790566436,0.6859811324682373,4016.063047582054,0.9626126560460684,0.0,0,,,
worker_crash,sync_ps,sync_ps,2,0,11,success,ps,2,0.016065600000307895,0.0027719000063370913,0.005425600000307895,0.01064,0.6622846329919883,0.6808173367440811,0.6739241853132241,3983.6669653653425,0.9573577643300922,0.0,0,,,
worker_crash,sync_ps,sync_ps,2,0,12,success,ps,2,0.01638393658389526,0.0027154999916092493,0.005325299993273802,0.01105863659062146,0.6749682247605651,0.5561396344086444,0.6710084459182613,3906.2651196361066,0.9610753116433883,0.0,0,,,
worker_crash,sync_ps,sync_ps,2,0,13,success,ps,2,0.016238308440562396,0.002813850005622953,0.0055379999976139516,0.010700308442948444,0.658954624622086,0.7312205269465082,0.6617113823415556,3941.297225278191,0.9681219629970226,0.0,0,,,
worker_crash,sync_ps,sync_ps,2,0,14,success,ps,2,0.016486065085564314,0.0028613500035135075,0.005619600007776171,0.010866465077788144,0.659130303161495,0.666976948118605,0.6574960271849489,3882.0664402229186,0.9639680570051851,0.0,0,,,
worker_crash,sync_ps,sync_ps,2,0,15,success,ps,2,0.01626170329876364,0.0027026999960071407,0.005326099999365397,0.010935603299398244,0.672475883890322,0.6872823801474747,0.648771424180799,3935.6270880225597,0.9706589729763946,0.0,0,,,
worker_crash,sync_ps,sync_ps,2,0,16,success,ps,2,0.016058147767237903,0.002758650000032503,0.005395400003180839,0.010662747764057064,0.6640085717613944,0.6962232958030206,0.6446265018483144,3985.515697555969,0.9558117202840003,0.0,0,,,
worker_crash,sync_ps,sync_ps,2,0,17,success,ps,2,0.016415869817250114,0.0028954000081284903,0.005693000013707206,0.010722869803542909,0.6532014400038132,0.6178647657870652,0.6436034129531166,3898.666394926424,0.9662222825027853,0.0,0,,,
worker_crash,sync_ps,sync_ps,2,0,18,degraded,ps,1,0.011471699995622038,0.005151699995622039,0.005151699995622039,0.00632,0.5509209622298274,0.7191481273848669,0.6390048511035834,2789.4732264801387,0.0,0.0,0,,18,
worker_crash,sync_ps,sync_ps,2,0,19,degraded,ps,1,0.011992922135392426,0.0052823000005446374,0.0052823000005446374,0.0067106221348477895,0.5595485453077369,0.6933752266831139,0.6488665014303158,2668.2404537226585,0.0,0.0,0,,18,
worker_crash,sync_ps,sync_ps,2,0,20,degraded,ps,1,0.01171195263306354,0.005170499993255362,0.005170499993255362,0.006541452639808179,0.5585279282415528,0.6324464760456392,0.6335664118208908,2732.251487225289,0.0,0.0,0,,18,
worker_crash,sync_ps,sync_ps,2,0,21,degraded,ps,1,0.011721142620655305,0.005304299993440509,0.005304299993440509,0.006416842627214797,0.5474587960312733,0.735711705205376,0.6327628301087638,2730.1092594512725,0.0,0.0,0,,18,
worker_crash,sync_ps,sync_ps,2,0,22,degraded,ps,1,0.011639000003510154,0.005319000003510155,0.005319000003510155,0.00632,0.543001975951025,0.46894345799442194,0.6283004383430729,2749.377093422911,0.0,0.0,0,,18,
worker_crash,sync_ps,sync_ps,2,0,23,degraded,ps,1,0.012329340788115723,0.005837899996549822,0.005837899996549822,0.006491440791565901,0.5265034767976414,0.5746377077264303,0.6255839254141958,2595.434788439368,0.0,0.0,0,,18,
worker_crash,sync_ps,sync_ps,2,0,24,degraded,ps,1,0.01196041697006478,0.005587899999227375,0.005587899999227375,0.006372516970837404,0.5328005693101592,0.6014978388503329,0.63996366867596,2675.4920066826635,0.0,0.0,0,,18,
worker_crash,sync_ps,sync_ps,2,0,25,degraded,ps,1,0.011844358945166649,0.005487299989908934,0.005487299989908934,0.006357058955257716,0.5367161688266678,0.5100825392121512,0.6379040015424567,2701.7080576621925,0.0,0.0,0,,18,
worker_crash,sync_ps,sync_ps,2,0,26,degraded,ps,1,0.011511899996134452,0.0051918999961344525,0.0051918999961344525,0.00632,0.5489971248987722,0.6248474513103869,0.6289945518039505,2779.7322779684664,0.0,0.0,0,,18,
worker_crash,sync_ps,sync_ps,2,0,27,degraded,ps,1,0.011754200007584877,0.005434200007584877,0.005434200007584877,0.00632,0.5376801480255367,0.5073675316205086,0.638969044975779,2722.4311292432235,0.0,0.0,0,,18,
worker_crash,sync_ps,sync_ps,2,0,28,degraded,ps,1,0.011832184548950707,0.005181499989703298,0.005181499989703298,0.006650684559247409,0.5620842484101721,0.6634667143015738,0.6290200595875045,2704.4879048001158,0.0,0.0,0,,18,
worker_crash,sync_ps,sync_ps,2,0,29,degraded,ps,1,0.012153674267197684,0.005580899989581667,0.005580899989581667,0.006572774277616017,0.5408055319826771,0.5462946326471436,0.6235624765776817,2632.948629071524,0.0,0.0,0,,18,
worker_crash,sync_ps,sync_ps,2,0,30,degraded,ps,1,0.011559504455872522,0.005195600009756163,0.005195600009756163,0.006363904446116358,0.5505343650681611,0.6194170813931751,0.6321327213579889,2768.2847584130814,0.0,0.0,0,,18,
worker_crash,sync_ps,sync_ps,2,0,31,degraded,ps,1,0.011883754455810878,0.005428999997093342,0.005428999997093342,0.006454754458717536,0.5431578448308743,0.5373112841731679,0.6197696615192245,2692.751698883575,0.0,0.0,0,,18,
worker_crash,sync_ps,sync_ps,2,0,32,degraded,ps,1,0.01198694101461142,0.0054976000101305544,0.0054976000101305544,0.006489341004480865,0.5413675596276578,0.5767318918635276,0.6172584588405223,2669.571824954654,0.0,0.0,0,,18,
worker_crash,sync_ps,sync_ps,2,0,33,degraded,ps,1,0.011936931231544004,0.005489700008183718,0.005489700008183718,0.006447231223360286,0.5401079304472426,0.6466831468232321,0.612911376390797,2680.7559982785374,0.0,0.0,0,,18,
worker_crash,sync_ps,sync_ps,2,0,34,degraded,ps,1,0.011628199994033202,0.0053081999940332025,0.0053081999940332025,0.00632,0.5435063039200386,0.6564812338880064,0.6099698713309885,2751.930652759689,0.0,0.0,0,,18,
worker_crash,sync_ps,sync_ps,2,0,35,degraded,ps,1,0.011584300009002908,0.005264300009002909,0.005264300009002909,0.00632,0.5455659811199917,0.4433514873827974,0.6087156747188762,2762.3593980759074,0.0,0.0,0,,18,
worker_crash,sync_ps,sync_ps,4,0,0,success,ps,4,0.024466885698990568,0.001440425003238488,0.005152900004759431,0.019313985694231137,0.7893928933925569,1.111917868751881,0.89176283272862,5231.560795057824,1.4884148858611954,1.0,0,,,
worker_crash,sync_ps,sync_ps,4,0,1,success,ps,4,0.024507599991485475,0.0014033500010555144,0.0052275999914854765,0.01928,0.7866947398643005,0.8958720853526014,0.7508583074038181,5222.869642252617,1.5733379106823397,1.0,0,,,
worker_crash,sync_ps,sync_ps,4,0,2,success,ps,4,0.02469668817460613,0.0013847999944118783,0.005239199992502108,0.01945748818210402,0.7878581955823044,0.7198973777083002,0.6484308241234494,5182.881165889013,1.6070362674933925,1.0,0,,,
worker_crash,sync_ps,sync_ps,4,0,3,success,ps,4,0.024648099999031982,0.0014183249986672308,0.005368099999031983,0.01928,0.7822103935296105,0.6397858947537809,0.5873299417666301,5193.098048329364,1.607877430853491,1.0,0,,,
worker_crash,sync_ps,sync_ps,4,0,4,success,ps,4,0.024536100004771723,0.001413050002156524,0.005256100004771724,0.01928,0.785780951180117,0.6133947746781626,0.5484569873128637,5216.80299538667,1.5703504335007983,1.0,0,,,
worker_crash,sync_ps,sync_ps,4,0,5,success,ps,4,0.025056553804749183,0.0014065249997656792,0.005238400000962429,0.019818153803786754,0.7909369324376303,0.5664727434039332,0.5164038038756456,5108.443922393632,1.572949420147578,1.0,0,,,
worker_crash,sync_ps,sync_ps,4,0,6,success,ps,4,0.02468980687437792,0.0013933499976701569,0.005212800009758212,0.019477006864619707,0.7888683359784461,0.5556935123093051,0.49040415660058456,5184.3256875708175,1.58269841815801,1.0,0,,,
worker_crash,sync_ps,sync_ps,4,0,7,success,ps,4,0.02449560000197496,0.0013909999979659915,0.005215600001974963,0.01928,0.7870801286127119,0.4864343151247483,0.4708125685026981,5225.428239752445,1.587480754748388,1.0,0,,,
worker_crash,sync_ps,sync_ps,4,0,8,success,ps,4,0.02464369999463204,0.0014116999991529156,0.005363699994632043,0.01928,0.7823500531251241,0.5643462841570684,0.45520950477877437,5194.02524896348,1.616275879954355,1.0,0,,,
worker_crash,sync_ps,sync_ps,4,0,9,success,ps,4,0.025121383247074854,0.001498049998190254,0.005713999998988584,0.01940738324808627,0.7725443721474244,0.5235498488437988,0.4454673430276794,5095.260827840934,1.6248594607402913,1.0,0,,,
worker_crash,sync_ps,sync_ps,4,0,10,success,ps,4,0.02501924994343542,0.0014724250031576958,0.0055447000049753115,0.01947454993846011,0.7783826446631692,0.41199996217640455,0.4330094543262189,5116.060644878956,1.5968119250959032,1.0,0,,,
worker_crash,sync_ps,sync_ps,4,0,11,success,ps,4,0.024733199992189182,0.001436624996131286,0.005453199992189184,0.01928,0.779519027302924,0.4129418560806264,0.4203434109541603,5175.230056782898,1.6142376121121824,1.0,0,,,
worker_crash,sync_ps,sync_ps,4,0,12,success,ps,4,0.02444690000949893,0.0013701750031032134,0.0051669000094989315,0.01928,0.7886480491395099,0.42277580210498333,0.41145109590449436,5235.837670635751,1.599989029044233,1.0,0,,,
worker_crash,sync_ps,sync_ps,4,0,13,success,ps,4,0.02453255037931289,0.0013578250000136904,0.005180000007385388,0.019352550371927502,0.7888519567964107,0.4144227336110532,0.4017663465520042,5217.5578168968605,1.6252310369397371,1.0,0,,,
worker_crash,sync_ps,sync_ps,4,0,14,success,ps,4,0.024722099994979797,0.0014449000009335577,0.005442099994979799,0.01928,0.779869024229944,0.4255762267834948,0.3943997687272987,5177.553687833653,1.5971938006309117,1.0,0,,,
worker_crash,sync_ps,sync_ps,4,0,15,success,ps,4,0.024664300005971453,0.0014076249972276855,0.005384300005971454,0.01928,0.7816966220542295,0.35787639830377155,0.39004102172194605,5189.6871173724785,1.6310914658195883,1.0,0,,,
worker_crash,sync_ps,sync_ps,4,0,16,success,ps,4,0.024534600007901898,0.0013809499941999093,0.0052546000079018995,0.01928,0.7858289922717492,0.384686791631372,0.38387441083969026,5217.121940393356,1.6195156823024428,1.0,0,,,
worker_crash,sync_ps,sync_ps,4,0,17,success,ps,4,0.02472159999117255,0.001431624998076586,0.005441599991172552,0.01928,0.7798847973789881,0.3639005342323596,0.37810743528902435,5177.658405835606,1.6171769847814177,1.0,0,,,
worker_crash,sync_ps,sync_ps,4,0,18,degraded,ps,3,0.021071289450419306,0.0019722666669016085,0.005644700009725057,0.015426589440694248,0.7321141630650073,0.3822853609401309,0.37328504974940024,4555.962283460999,1.3167497202695113,1.0,0,,18,
worker_crash,sync_ps,sync_ps,4,0,19,degraded,ps,3,0.02035230000867974,0.0018832666683010757,0.00539230000867974,0.01496,0.7350520576848778,0.3601448642836895,0.37292975156607755,4716.911600116863,1.3175898680270572,1.0,0,,18,
worker_crash,sync_ps,sync_ps,4,0,20,degraded,ps,3,0.02064677622374119,0.002029933331262631,0.005682199989678338,0.014964576234062854,0.7247899658473306,0.4083433996221897,0.37173601840188436,4649.636289931408,1.2725233312120074,1.0,0,,18,
worker_crash,sync_ps,sync_ps,4,0,21,degraded,ps,3,0.021025121514294174,0.001927400002993333,0.005460300002596341,0.015564821511697833,0.740296387876565,0.29921700223219594,0.3679009874097909,4565.9664765662965,1.296118037287089,1.0,0,,18,
worker_crash,sync_ps,sync_ps,4,0,22,degraded,ps,3,0.02071174186648132,0.0019074999969840671,0.0054573999950662255,0.015254341871415094,0.736506951938303,0.325731364878412,0.3644936689397991,4635.05197287925,1.3159872766954297,1.0,0,,18,
worker_crash,sync_ps,sync_ps,4,0,23,degraded,ps,3,0.020231399990306237,0.0018297666683793068,0.005271399990306236,0.01496,0.739444626035173,0.3752823122865916,0.3630435992033841,4745.099204503785,1.3300182980218045,1.0,0,,18,
worker_crash,sync_ps,sync_ps,4,0,24,degraded,ps,3,0.020620200011334383,0.0019653666677186266,0.005660200011334382,0.01496,0.7255021770776656,0.47152606548260506,0.36091328620065605,4655.6289438138965,1.3293961420642246,1.0,0,,18,
worker_crash,sync_ps,sync_ps,4,0,25,degraded,ps,3,0.020215800002487377,0.0018310666685768713,0.005255800002487376,0.01496,0.7400152355167395,0.3697131883059929,0.35638721964771475,4748.760869626136,1.3225978013691886,1.0,0,,18,
worker_crash,sync_ps,sync_ps,4,0,26,degraded,ps,3,0.02023219999639783,0.001836299998103641,0.0052721999963978305,0.01496,0.7394153874844801,0.36427187349290474,0.3551580757004414,4744.9115774405145,1.3231288955842946,1.0,0,,18,
worker_crash,sync_ps,sync_ps,4,0,27,degraded,ps,3,0.020250699991746807,0.0018447333277435973,0.005290699991746806,0.01496,0.738739895712097,0.4096199842363885,0.3529308762121423,4740.576870879767,1.32092724560331,1.0,0,,18,
worker_crash,sync_ps,sync_ps,4,0,28,degraded,ps,3,0.020197399993347936,0.0018483333309025813,0.005237399993347935,0.01496,0.7406893959087364,0.39413562207495967,0.35042060789311,4753.087032569431,1.2965456519419776,1.0,0,,18,
worker_crash,sync_ps,sync_ps,4,0,29,degraded,ps,3,0.02037749999683816,0.0018739666653952252,0.00541749999683816,0.01496,0.7341430500464357,0.4597693234333879,0.34725021736743,4711.078396019908,1.3371011026874389,1.0,0,,18,
worker_crash,sync_ps,sync_ps,4,0,30,degraded,ps,3,0.020401405736534612,0.0018036666636665661,0.005217999991145916,0.015183405745388696,0.7442333112467059,0.31831278343733527,0.3430548774743771,4705.558099267849,1.3385576327486013,1.0,0,,18,
worker_crash,sync_ps,sync_ps,4,0,31,degraded,ps,3,0.020619140750139733,0.0018930666653128962,0.005477399987285025,0.015141740762854707,0.7343536254173004,0.26465284693859775,0.3389346061333124,4655.86811610224,1.3388386512615391,1.0,0,,18,
worker_crash,sync_ps,sync_ps,4,0,32,degraded,ps,3,0.02022299999910407,0.0018589000004188467,0.005262999999104068,0.01496,0.7397517678219239,0.3653325242681355,0.3408451407188918,4747.070167841222,1.294891486924061,1.0,0,,18,
worker_crash,sync_ps,sync_ps,4,0,33,degraded,ps,3,0.02027079999927897,0.0018753000040305778,0.00531079999927897,0.01496,0.7380073801000515,0.33604190531515893,0.3394616714385061,4735.87623593616,1.29540211569946,1.0,0,,18,
worker_crash,sync_ps,sync_ps,4,0,34,degraded,ps,3,0.020643483452608167,0.0019700666647016383,0.005585599996265955,0.015057883456342212,0.7294255105205971,0.35766668322202994,0.33737515517868144,4650.377937444034,1.2977106436935664,1.0,0,,18,
worker_crash,sync_ps,sync_ps,4,0,35,degraded,ps,3,0.020497699995329605,0.0019358333326332893,0.0055376999953296036,0.01496,0.7298379819886441,0.3803567447291856,0.3345224524958388,4683.45229083622,1.3157019679303992,1.0,0,,18,
worker_crash,async_ps_ssp,async_ps_ssp,2,0,0,success,ps,2,0.00995530942385937,0.002943249994132202,0.005728899996029213,0.010787783738041795,1.0836211391066637,1.1027384779502638,0.9721986669925691,6428.730366392685,0.9464537523160305,0.0,0,,,
worker_crash,async_ps_ssp,async_ps_ssp,2,0,1,success,ps,2,0.009746992975233005,0.002755100002104882,0.005398799999966286,0.010756758420197113,1.1035976375000895,0.9808274374382642,0.8810547975588411,6566.12764189153,0.9595658941171156,0.0,0,,,
worker_crash,async_ps_ssp,async_ps_ssp,2,0,2,success,ps,2,0.009633996150049088,0.0026423000017530285,0.005178799998247996,0.010756455612763168,1.1165102668956703,0.9019147869740631,0.817060549430794,6643.141537862655,0.9599591241918679,0.0,0,,,
worker_crash,async_ps_ssp,async_ps_ssp,2,0,3,success,ps,2,0.009738350004862529,0.0028223500048625283,0.005544200001168065,0.01064,1.0925875527874087,0.8197692819058653,0.7655432238206569,6571.955204736293,0.9643913726687919,0.0,0,,,
worker_crash,async_ps_ssp,async_ps_ssp,2,0,4,success,ps,2,0.009859621625014975,0.002698900003451854,0.005309300002409145,0.0110164948024048,1.1173344395341407,0.8234914897677169,0.7361466010266636,6491.121306077787,0.9672088608882947,0.0,0,,,
worker_crash,async_ps_ssp,async_ps_ssp,2,0,5,success,ps,2,0.00965999999761954,0.0027439999976195395,0.005367999998270534,0.01064,1.1014492756337428,0.8135027429023249,0.7099013156531763,6625.258800804469,0.9562682222926695,0.0,0,,,
worker_crash,async_ps_ssp,async_ps_ssp,2,0,6,success,ps,2,0.009555049998833798,0.002639049998833798,0.005171299999346957,0.01064,1.1135472866493237,0.6956106112757996,0.6819349882472044,6698.028791875631,0.9595308920530626,0.0,0,,,
worker_crash,async_ps_ssp,async_ps_ssp,2,0,7,success,ps,2,0.009611299997867551,0.0026952999978675507,0.005300999997416511,0.01064,1.1070302667028067,0.7094605016606639,0.6564593258482722,6658.828671896581,0.9667569475174429,0.0,0,,,
worker_crash,async_ps_ssp,async_ps_ssp,2,0,8,success,ps,2,0.00991128848048609,0.0028543500011437573,0.005586200000834651,0.010856828429757435,1.0954003055337336,0.6956820812583357,0.6394952778916971,6457.283543507674,0.9570830478529754,0.0,0,,,
worker_crash,async_ps_ssp,async_ps_ssp,2,0,9,success,ps,2,0.009640849997321144,0.0027248499973211437,0.005355499990400858,0.01064,1.103637127738372,0.6656412941459809,0.6222901530160703,6638.418813463893,0.9654292877408046,0.0,0,,,
worker_crash,async_ps_ssp,async_ps_ssp,2,0,10,success,ps,2,0.009729400002196431,0.002813400002196431,0.0055305999994743615,0.01064,1.0935926159473348,0.6993555174598096,0.609245844981095,6578.0006974275775,0.9658064954115293,0.0,0,,,
worker_crash,async_ps_ssp,async_ps_ssp,2,0,11,success,ps,2,0.009699295842614818,0.0026879500001086853,0.005271200003335252,0.010786685911547895,1.1121102074395464,0.6819169759743355,0.6018726057338407,6598.417146821077,0.9610483834003857,0.0,0,,,
worker_crash,async_ps_ssp,async_ps_ssp,2,0,12,success,ps,2,0.009573450000697281,0.002657450000697281,0.005218399994191714,0.01064,1.1114070684262243,0.6450091211521676,0.5877987818046615,6685.155298804356,0.9636869901066002,0.0,0,,,
worker_crash,async_ps_ssp,async_ps_ssp,2,0,13,success,ps,2,0.009560650005095173,0.0026446500050951727,0.005195600009756163,0.01064,1.1128950431539286,0.6782449158950257,0.5817618689506461,6694.105522730398,0.964569980444206,0.0,0,,,
worker_crash,async_ps_ssp,async_ps_ssp,2,0,14,success,ps,2,0.009690649998173118,0.0027746499981731176,0.005466500006150454,0.01064,1.0979655649523874,0.5927354757741723,0.5683046712040998,6604.304150089549,0.9701584015207481,0.0,0,,,
worker_crash,async_ps_ssp,async_ps_ssp,2,0,15,success,ps,2,0.009635700001762249,0.0027197000017622486,0.005346599995391443,0.01064,1.1042269890152328,0.5766585169129989,0.5616511797631885,6641.966851219445,0.9658785862268625,0.0,0,,,
worker_crash,async_ps_ssp,async_ps_ssp,2,0,16,success,ps,2,0.009676099996521604,0.0027600999965216033,0.005436299994471483,0.01064,1.0996165814558452,0.5376441182754044,0.5506419026769581,6614.2350764261355,0.9696025507600954,0.0,0,,,
worker_crash,async_ps_ssp,async_ps_ssp,2,0,17,success,ps,2,0.009554149999256712,0.0026381499992567115,0.005194099998334423,0.01064,1.1136521826460506,0.5630113151455512,0.5445732827557227,6698.659745239403,0.9688418015764829,0.0,0,,,
worker_crash,async_ps_ssp,async_ps_ssp,2,0,18,degraded,ps,1,0.00960961410848286,0.005402800001320429,0.005402800001320429,0.006472021703326818,0.6734944431965961,0.5385192804888247,0.530993919976878,3329.9984410146176,0.0,0.0,0,,18,
worker_crash,async_ps_ssp,async_ps_ssp,2,0,19,degraded,ps,1,0.009313199995543808,0.005205199995543808,0.005205199995543808,0.00632,0.6786067090821631,0.683779699313185,0.525607479047629,3435.9833371248765,0.0,0.0,0,,18,
worker_crash,async_ps_ssp,async_ps_ssp,2,0,20,degraded,ps,1,0.009454518175197504,0.005253200011793524,0.005253200011793524,0.006463566405236892,0.6836484192492304,0.5901581718998383,0.5183093979536292,3384.6251503272956,0.0,0.0,0,,18,
worker_crash,async_ps_ssp,async_ps_ssp,2,0,21,degraded,ps,1,0.009467800008591265,0.0053598000085912645,0.0053598000085912645,0.00632,0.6675257181462546,0.5573423615494835,0.5046517001967573,3379.8770539050865,0.0,0.0,0,,18,
worker_crash,async_ps_ssp,async_ps_ssp,2,0,22,degraded,ps,1,0.009445998960934813,0.005217800004174933,0.005217800004174933,0.006504921471938277,0.6886430433499142,0.46288859807264604,0.4971581603175911,3387.677696381321,0.0,0.0,0,,18,
worker_crash,async_ps_ssp,async_ps_ssp,2,0,23,degraded,ps,1,0.009548542669764341,0.005400800000643358,0.005400800000643358,0.006381142567878437,0.6682844480639394,0.5692170701480057,0.4943093997967826,3351.296748280621,0.0,0.0,0,,18,
worker_crash,async_ps_ssp,async_ps_ssp,2,0,24,degraded,ps,1,0.009479200008084998,0.0053712000080849975,0.0053712000080849975,0.00632,0.6667229296364193,0.6154158123396946,0.4904633459433267,3375.8123019565537,0.0,0.0,0,,18,
worker_crash,async_ps_ssp,async_ps_ssp,2,0,25,degraded,ps,1,0.009510221561596668,0.005237899997155182,0.005237899997155182,0.006572802406833053,0.6911303132384171,0.4764868253007134,0.4933998298288986,3364.8006823752203,0.0,0.0,0,,18,
worker_crash,async_ps_ssp,async_ps_ssp,2,0,26,degraded,ps,1,0.00945113987701304,0.005290399989462458,0.005290399989462458,0.006401138288539358,0.6772874353609069,0.39255786457251135,0.47880541345766797,3385.834980374172,0.0,0.0,0,,18,
worker_crash,async_ps_ssp,async_ps_ssp,2,0,27,degraded,ps,1,0.009832100003135391,0.005724100003135391,0.005724100003135391,0.00632,0.6427924856322245,0.7333502874913286,0.47625445478725886,3254.6454968720227,0.0,0.0,0,,18,
worker_crash,async_ps_ssp,async_ps_ssp,2,0,28,degraded,ps,1,0.009792649898180999,0.005472200005897321,0.005472200005897321,0.006646845988128737,0.6787586666774843,0.5909866420791845,0.48214217258724534,3267.7569741305724,0.0,0.0,0,,18,
worker_crash,async_ps_ssp,async_ps_ssp,2,0,29,degraded,ps,1,0.009357415765392039,0.005204199987929314,0.005204199987929314,0.0063895627345580365,0.6828341173200333,0.4121211374712502,0.4857978704524053,3419.7475886826032,0.0,0.0,0,,18,
worker_crash,async_ps_ssp,async_ps_ssp,2,0,30,degraded,ps,1,0.009309299994951115,0.005201299994951114,0.005201299994951114,0.00632,0.6788910018398422,0.5298945828331945,0.4833234783883615,3437.422794125783,0.0,0.0,0,,18,
worker_crash,async_ps_ssp,async_ps_ssp,2,0,31,degraded,ps,1,0.009291900007978082,0.005183900007978082,0.005183900007978082,0.00632,0.6801622913046427,0.4598366158078532,0.470139721835058,3443.8597028083173,0.0,0.0,0,,18,
worker_crash,async_ps_ssp,async_ps_ssp,2,0,32,degraded,ps,1,0.00926840000366047,0.00516040000366047,0.00516040000366047,0.00632,0.6818868410409534,0.4998398814618859,0.45959321521357693,3452.5916002073595,0.0,0.0,0,,18,
worker_crash,async_ps_ssp,async_ps_ssp,2,0,33,degraded,ps,1,0.009524057952078845,0.005227799993008375,0.005227799993008375,0.006609627629339183,0.6939927983004849,0.39383928487322395,0.46130015854106127,3359.9123567927536,0.0,0.0,0,,18,
worker_crash,async_ps_ssp,async_ps_ssp,2,0,34,degraded,ps,1,0.009320400006712415,0.005212400006712414,0.005212400006712414,0.00632,0.6780824852418812,0.3437703416383906,0.4617474654692994,3433.3290391993983,0.0,0.0,0,,18,
worker_crash,async_ps_ssp,async_ps_ssp,2,0,35,degraded,ps,1,0.009304099999011495,0.005196099999011494,0.005196099999011494,0.00632,0.6792704292378051,0.4572066210703085,0.46402754175532235,3439.3439455078737,0.0,0.0,0,,18,
worker_crash,async_ps_ssp,async_ps_ssp,4,0,0,success,ps,4,0.014088502461408163,0.0014307999954326078,0.005231699993601069,0.01947338840919316,1.3822184765581373,1.0969822777408398,1.036572902418268,9085.422694897712,1.5339425885483766,1.0,0,,,
worker_crash,async_ps_ssp,async_ps_ssp,4,0,1,success,ps,4,0.013921074997860007,0.001389074997860007,0.00516559999960009,0.01928,1.3849505158878739,1.0315090500380544,0.9770452871033368,9194.692221662233,1.5696640814151237,1.0,0,,,
worker_crash,async_ps_ssp,async_ps_ssp,4,0,2,success,ps,4,0.014026975483039997,0.0014556249952875078,0.005443799993372522,0.019340539211926907,1.3788103668757057,0.9701526004248429,0.9234630369169156,9125.274379695371,1.5819175653792041,1.0,0,,,
worker_crash,async_ps_ssp,async_ps_ssp,4,0,3,success,ps,4,0.013944925001204712,0.0014129250012047123,0.0053050999995321035,0.01928,1.3825818352077466,0.9446637484791338,0.8810570842951045,9178.966540798318,1.5904857745238388,1.0,0,,,
worker_crash,async_ps_ssp,async_ps_ssp,4,0,4,success,ps,4,0.01399896629851987,0.0014336999993247446,0.005379700000048615,0.019331178921838655,1.3809004543344439,0.8864929733692452,0.8400113889943372,9143.532263059567,1.5891876011323771,1.0,0,,,
worker_crash,async_ps_ssp,async_ps_ssp,4,0,5,success,ps,4,0.013901049998174887,0.0013690499981748872,0.005214800010435283,0.01928,1.3869455906231063,0.8403702701447021,0.8033608603365369,9207.93753110776,1.621825112420044,1.0,0,,,
worker_crash,async_ps_ssp,async_ps_ssp,4,0,6,success,ps,4,0.013919374999467283,0.0013873749994672835,0.00519890000578016,0.01928,1.3851196623941717,0.8354617212527383,0.7739883530387063,9195.8151860194,1.5862492922886935,1.0,0,,,
worker_crash,async_ps_ssp,async_ps_ssp,4,0,7,success,ps,4,0.014039087149361763,0.0014523499994538724,0.005476599995745346,0.019364210999858293,1.3793069872593973,0.7470360730181935,0.741178842095349,9117.401910694676,1.5998050307307736,1.0,0,,,
worker_crash,async_ps_ssp,async_ps_ssp,4,0,8,success,ps,4,0.0140297822898984,0.0013732500010519288,0.005224699998507276,0.01947158813668688,1.3878752880368386,0.7364425074609964,0.7126300375926843,9123.448771700572,1.6192661726041109,1.0,0,,,
worker_crash,async_ps_ssp,async_ps_ssp,4,0,9,success,ps,4,0.013874625000688713,0.001342625000688713,0.005138599997735582,0.01928,1.3895871058888418,0.7472467670900146,0.689612416822168,9225.474561917623,1.6323318571728564,1.0,0,,,
worker_crash,async_ps_ssp,async_ps_ssp,4,0,10,success,ps,4,0.013901699999486329,0.001369699999486329,0.005208599992329255,0.01928,1.3868807412555586,0.7206650553583394,0.6679340848994355,9207.506995887527,1.6181661547715274,1.0,0,,,
worker_crash,async_ps_ssp,async_ps_ssp,4,0,11,success,ps,4,0.013940025003911461,0.0014080250039114617,0.005348100006813183,0.01928,1.3830678205089433,0.7029639677137356,0.6473997447921259,9182.192999229499,1.6156056979501014,1.0,0,,,
worker_crash,async_ps_ssp,async_ps_ssp,4,0,12,success,ps,4,0.013971100000425242,0.0014391000004252419,0.005442100009531714,0.01928,1.379991553951598,0.6485008367834513,0.6296290814913679,9161.769652790692,1.60595877622126,1.0,0,,,
worker_crash,async_ps_ssp,async_ps_ssp,4,0,13,success,ps,4,0.013940649997756583,0.0014086499977565836,0.005345999990822747,0.01928,1.3830058141551977,0.674321952804303,0.6147101445962841,9181.781338789695,1.6137651006763296,1.0,0,,,
worker_crash,async_ps_ssp,async_ps_ssp,4,0,14,success,ps,4,0.014156184894844527,0.0013675250047526788,0.005174700010684319,0.019674861369372073,1.3898420736604935,0.6244646216065193,0.5980920524019113,9041.984189300587,1.6073400995394598,1.0,0,,,
worker_crash,async_ps_ssp,async_ps_ssp,4,0,15,success,ps,4,0.014120133218856131,0.0014612999984819908,0.005551599999307655,0.01947512803134483,1.3792453463071863,0.5851404987173785,0.5821499812807102,9065.070280574113,1.6160801070976059,1.0,0,,,
worker_crash,async_ps_ssp,async_ps_ssp,4,0,16,success,ps,4,0.014256267218269964,0.0014190500041877385,0.005396600012318231,0.019749564944741886,1.3853251094670873,0.6016368779784173,0.5671574601612147,8978.50734980353,1.6182970348034131,1.0,0,,,
worker_crash,async_ps_ssp,async_ps_ssp,4,0,17,success,ps,4,0.013952772003749713,0.0013751749975199345,0.005174599995370954,0.019350149240353505,1.3868318951354817,0.5934839497700074,0.5542729320022699,9173.804313981542,1.595163248189959,1.0,0,,,
worker_crash,async_ps_ssp,async_ps_ssp,4,0,18,degraded,ps,3,0.01163123332828687,0.0019072333282868688,0.005503499996848404,0.01496,1.2861920638817943,0.5543296071841636,0.5414822408885328,8253.638912610444,1.3333332884695206,1.0,0,,18,
worker_crash,async_ps_ssp,async_ps_ssp,4,0,19,degraded,ps,3,0.011691881973283056,0.0018638666660990566,0.005225000000791624,0.015120023549513846,1.2932069947391176,0.5672018003486721,0.5307984686941937,8210.82527341348,1.2754913890838602,1.0,0,,18,
worker_crash,async_ps_ssp,async_ps_ssp,4,0,20,degraded,ps,3,0.011617633331443803,0.001893633331443804,0.005354799999622628,0.01496,1.2876977240717251,0.5252013218008901,0.5201590628261968,8263.300903134064,1.292446854926584,1.0,0,,18,
worker_crash,async_ps_ssp,async_ps_ssp,4,0,21,degraded,ps,3,0.011590866664689345,0.0018668666646893446,0.005300000004353933,0.01496,1.2906713909128513,0.515808866093724,0.5103022452837548,8282.383257194768,1.300373312014986,1.0,0,,18,
worker_crash,async_ps_ssp,async_ps_ssp,4,0,22,degraded,ps,3,0.01157031560878112,0.0018416666668296482,0.00524779999977909,0.01496715221838688,1.2935820183701627,0.4969513697885084,0.5007890614626678,8297.09432706764,1.3077941614927786,1.0,0,,18,
worker_crash,async_ps_ssp,async_ps_ssp,4,0,23,degraded,ps,3,0.011849227073353617,0.0019768000007995092,0.005573599992203526,0.015188349342390935,1.2818008506686729,0.5258991693524161,0.49211397189738526,8101.7942694239955,1.2866501716457321,1.0,0,,18,
worker_crash,async_ps_ssp,async_ps_ssp,4,0,24,degraded,ps,3,0.011580533335133767,0.001856533335133766,0.005244700005277991,0.01496,1.2918230591861766,0.505202555649153,0.4846504898118012,8289.773641836427,1.2906895054061105,1.0,0,,18,
worker_crash,async_ps_ssp,async_ps_ssp,4,0,25,degraded,ps,3,0.011774799868467493,0.0018952666675128664,0.005494800003361888,0.015199281847622502,1.290831438105853,0.587363422417844,0.47739289241697486,8153.004813023165,1.342954247607367,1.0,0,,18,
worker_crash,async_ps_ssp,async_ps_ssp,4,0,26,degraded,ps,3,0.01168153333294609,0.0019575333329460896,0.005289000007905997,0.01496,1.2806537954916812,0.49710162453658535,0.4696909538446319,8218.09922240651,1.2036143732364317,1.0,0,,18,
worker_crash,async_ps_ssp,async_ps_ssp,4,0,27,degraded,ps,3,0.011603366672559021,0.0018793666725590203,0.0052291000029072165,0.01496,1.2892809838871275,0.4916540644798412,0.46366821534329333,8273.460859168734,1.261320013764834,1.0,0,,18,
worker_crash,async_ps_ssp,async_ps_ssp,4,0,28,degraded,ps,3,0.011655466666671136,0.001931466666671137,0.005508799993549474,0.01496,1.283517891461025,0.4958173230544231,0.45765754592500013,8236.478447878237,1.3097227055855587,1.0,0,,18,
worker_crash,async_ps_ssp,async_ps_ssp,4,0,29,degraded,ps,3,0.01194334812762907,0.00199323333799839,0.0057056000077864155,0.015307868907124123,1.2817066657976552,0.5136948063136609,0.4517194997932568,8037.947062592859,1.3170043541037817,1.0,0,,18,
worker_crash,async_ps_ssp,async_ps_ssp,4,0,30,degraded,ps,3,0.011604247582572677,0.0018781333298344787,0.005412500002421439,0.014963252696520307,1.2894634132929224,0.5421243939863506,0.4467868569661783,8272.832798239615,1.3306971476996048,1.0,0,,18,
worker_crash,async_ps_ssp,async_ps_ssp,4,0,31,degraded,ps,3,0.011543133331688741,0.001819133331688742,0.005207599999266677,0.01496,1.2960085940384245,0.443508652051527,0.4412197804872598,8316.632689016627,1.3171516556650427,1.0,0,,18,
worker_crash,async_ps_ssp,async_ps_ssp,4,0,32,degraded,ps,3,0.011587166036361405,0.0018204999942099676,0.005251299997325987,0.015025640064848364,1.296748490329453,0.5136857811281427,0.43584020184716543,8285.028427032523,1.3325853583468925,1.0,0,,18,
worker_crash,async_ps_ssp,async_ps_ssp,4,0,33,degraded,ps,3,0.011546233335891118,0.0018222333358911176,0.005255399999441579,0.01496,1.2956606336282233,0.4714059946768905,0.4299885470410583,8314.3997879886,1.332224858358308,1.0,0,,18,
worker_crash,async_ps_ssp,async_ps_ssp,4,0,34,degraded,ps,3,0.011732229329469032,0.0018412666686344892,0.005276299998513423,0.015216865632053144,1.2970139949303068,0.41321267764838554,0.4248414006769888,8182.588091665328,1.3191889247822777,1.0,0,,18,
worker_crash,async_ps_ssp,async_ps_ssp,4,0,35,degraded,ps,3,0.011749353112593444,0.0018064999991717439,0.005195999998250045,0.015296697097571848,1.3019182376241816,0.4010631794592663,0.419730062765676,8170.662595637135,1.3267352471606553,1.0,0,,18,
worker_crash,ring_allreduce,ring_allreduce,2,0,0,success,ring,2,0.11624611109832961,0.0028845999913755804,0.005614999987301417,0.004334252045827105,0.0372851358628322,1.1010189072556598,0.9130647565066413,550.5560521148449,0.946543715989282,0.0,0,,,
worker_crash,ring_allreduce,ring_allreduce,2,0,1,success,ring,2,0.11582552231354709,0.0029381499989540316,0.005677499997545965,0.004280999798249699,0.03696076402453648,0.8918824070655433,0.8092667565966652,552.5552462154922,0.9323383757244496,0.0,0,,,
worker_crash,ring_allreduce,ring_allreduce,2,0,2,success,ring,2,0.11411734000510577,0.002755299996351823,0.005414999992353842,0.0041600000000000005,0.03645370633256853,0.8087225576006527,0.7436730257987747,560.8262512702851,0.965303233244406,0.0,0,,,
worker_crash,ring_allreduce,ring_allreduce,2,0,3,success,ring,2,0.12049259107666124,0.002937249999376945,0.005757699997047894,0.0041600000000000005,0.03452494433747611,0.7239185497710948,0.6953585678413897,531.1529898073247,0.9602349126935033,0.0,0,,,
worker_crash,ring_allreduce,ring_allreduce,2,0,4,success,ring,2,0.109491613885512,0.002636299999721814,0.005181300002732314,0.004273075943686013,0.039026513465716936,0.6971935858171752,0.6636557065510298,584.519651586472,0.9653681304531669,0.0,0,,,
worker_crash,ring_allreduce,ring_allreduce,2,0,5,success,ring,2,0.10952834738052267,0.0026256499986629933,0.0051700000040000305,0.0041600000000000005,0.037981035042438424,0.7736033309307414,0.6470923155938801,584.3236160375142,0.9690362408026998,0.0,0,,,
worker_crash,ring_allreduce,ring_allreduce,2,0,6,success,ring,2,0.10872019331327679,0.002635650002048351,0.0051693999994313344,0.0041600000000000005,0.038263360956441436,0.6157752905049942,0.6237796033423155,588.6670916375605,0.9613378083025017,0.0,0,,,
worker_crash,ring_allreduce,ring_allreduce,2,0,7,success,ring,2,0.11344517304343013,0.0027661999920383096,0.0054167999915080145,0.0042197540746043965,0.03719641798235832,0.6298224345973578,0.6089679357120665,564.1491681228158,0.958209820743426,0.0,0,,,
worker_crash,ring_allreduce,ring_allreduce,2,0,8,success,ring,2,0.11094293157684793,0.0026657500056899153,0.005245700012892485,0.0041600000000000005,0.03749675568216306,0.5909622986148122,0.5949579375083404,576.8731643409701,0.9678139363135989,0.0,0,,,
worker_crash,ring_allreduce,ring_allreduce,2,0,9,success,ring,2,0.11686846504139725,0.002831249999871943,0.005556799995247275,0.004324742685471644,0.03700521508466574,0.5877080273230446,0.5860322052435915,547.6242027935411,0.9626666647367562,0.0,0,,,
worker_crash,ring_allreduce,ring_allreduce,2,0,10,success,ring,2,0.11076176601103513,0.0027592499973252416,0.005363399992347695,0.0041600000000000005,0.03755808660170281,0.5469897681641318,0.576724231346183,577.816716949274,0.9437890718865894,0.0,0,,,
worker_crash,ring_allreduce,ring_allreduce,2,0,11,success,ring,2,0.11677107820774744,0.002816950000124052,0.00553599999693688,0.004363030300691087,0.03736396347157829,0.5360391893057375,0.5685570992760773,548.0809202269896,0.9652460979881933,0.0,0,,,
worker_crash,ring_allreduce,ring_allreduce,2,0,12,success,ring,2,0.109232187579215,0.002656399999978021,0.005201499996474013,0.004359421072231404,0.03990967469245234,0.6397186759588689,0.5591634741525634,585.907885014088,0.9581011879080519,0.0,0,,,
worker_crash,ring_allreduce,ring_allreduce,2,0,13,success,ring,2,0.11427975346785511,0.0027665499947033823,0.00543229999311734,0.0041600000000000005,0.03640189861951475,0.4302363601009307,0.5573132393246172,560.029209530996,0.9635647295563163,0.0,0,,,
worker_crash,ring_allreduce,ring_allreduce,2,0,14,success,ring,2,0.11503166354721522,0.002814050007145852,0.00550640000437852,0.0041600000000000005,0.036163955833712784,0.7180924463614593,0.559617401073115,556.368551287889,0.9567527191908822,0.0,0,,,
worker_crash,ring_allreduce,ring_allreduce,2,0,15,success,ring,2,0.11132070872808282,0.0026863000020966865,0.005275000003166497,0.004378787695255954,0.03933488876675934,0.5612159309196404,0.5528853203531572,574.9154917467279,0.9636674973329986,0.0,0,,,
worker_crash,ring_allreduce,ring_allreduce,2,0,16,success,ring,2,0.11350540829730568,0.0027373500051908195,0.005376700006308965,0.00444453830492255,0.039157061954976924,0.6463254762068941,0.5478148095707316,563.8497844293397,0.9641989497685587,0.0,0,,,
worker_crash,ring_allreduce,ring_allreduce,2,0,17,success,ring,2,0.11148427267815869,0.002700450007978361,0.005297000010614283,0.00432332150537195,0.03877965386070952,0.5590538063197708,0.5396368969213087,574.0720055174068,0.9615249288092741,0.0,0,,,
worker_crash,ring_allreduce,ring_allreduce,2,0,18,failed,ring,1,,,,,,,,,,,0,ring failed after worker crash,18,
worker_crash,ring_allreduce,ring_allreduce,4,0,0,success,ring,4,0.17386304677920364,0.0014300750008260366,0.005215199998929165,0.00924,0.05314527825877965,1.0873082462820003,0.9024511565675596,736.2116468748695,1.5283004181335866,1.0,0,,,
worker_crash,ring_allreduce,ring_allreduce,4,0,1,success,ring,4,0.17945091251088757,0.001411875000485452,0.005252100003417581,0.00924,0.05149040409275932,0.9140875836912653,0.7917488758710822,713.2869831031594,1.5704081453145413,1.0,0,,,
worker_crash,ring_allreduce,ring_allreduce,4,0,2,success,ring,4,0.18969585404815115,0.0014831000044068787,0.005539000005228445,0.00924,0.048709551647104415,0.8104310902370211,0.715083671014012,674.7643518213599,1.578956976690855,1.0,0,,,
worker_crash,ring_allreduce,ring_allreduce,4,0,3,success,ring,4,0.1801421391506318,0.0014498000018647872,0.0053386000072350726,0.009420963011588216,0.05229738614189858,0.7386368635284761,0.6666897163580694,710.5500168007252,1.5489320787067378,1.0,0,,,
worker_crash,ring_allreduce,ring_allreduce,4,0,4,success,ring,4,0.1968392888443328,0.001501325001299847,0.0056671999918762594,0.00958710472069975,0.048705239573800525,0.6613483193945205,0.6264273845287126,650.2766838444877,1.6020696674905839,1.0,0,,,
worker_crash,ring_allreduce,ring_allreduce,4,0,5,success,ring,4,0.18579054766412112,0.0014158000049064867,0.005336200003512204,0.009833585328250944,0.05292834028364272,0.6614954467405476,0.6019843354220953,688.947858808205,1.5987103390058286,1.0,0,,,
worker_crash,ring_allreduce,ring_allreduce,4,0,6,success,ring,4,0.18027215876471886,0.0013701499992748722,0.005173899990040809,0.00924,0.05125583486277285,0.7033142992460877,0.5811928165513891,710.037539224559,1.6028359563765924,1.0,0,,,
worker_crash,ring_allreduce,ring_allreduce,4,0,7,success,ring,4,0.18460657559649693,0.0014040499991097022,0.005301999990479089,0.009336693169770347,0.05057616793769029,0.6268073369720251,0.5662864206885716,693.3664176717923,1.6028657369055292,1.0,0,,,
worker_crash,ring_allreduce,ring_allreduce,4,0,8,success,ring,4,0.1939931528707512,0.0014601500042772386,0.005546100001083687,0.00924,0.047630547074804186,0.5009851410061228,0.5474932438349133,659.8171023349498,1.6156132492621043,1.0,0,,,
worker_crash,ring_allreduce,ring_allreduce,4,0,9,success,ring,4,0.18246929218181496,0.0014317750028567389,0.005331799999112263,0.009425892773846114,0.05165741950954697,0.4969228559717539,0.5346432052012999,701.4878967824296,1.572748409887658,1.0,0,,,
worker_crash,ring_allreduce,ring_allreduce,4,0,10,success,ring,4,0.18122640219665012,0.0013591500028269365,0.00516260000586044,0.00924,0.05098594844902128,0.5114956989946267,0.519927569547192,706.2988529734549,1.6156955991304376,1.0,0,,,
worker_crash,ring_allreduce,ring_allreduce,4,0,11,success,ring,4,0.17362176039221922,0.0014527500024996698,0.005253900002571754,0.00962897388997976,0.055459487729115776,0.6070708633986541,0.5117222276768568,737.2347781225254,1.5106767013263092,1.0,0,,,
worker_crash,ring_allreduce,ring_allreduce,4,0,12,success,ring,4,0.17619300917794728,0.001428349998604972,0.0052386999886948615,0.009577147222040307,0.0543560000860636,0.46739526271517084,0.5029088005545772,726.4760423651404,1.5402405397852974,1.0,0,,,
worker_crash,ring_allreduce,ring_allreduce,4,0,13,success,ring,4,0.1819564415849876,0.0014784000013605691,0.005425900002592243,0.00924,0.05078138437700878,0.5568473832637846,0.49290042377730997,703.4650649628921,1.5415925607039545,1.0,0,,,
worker_crash,ring_allreduce,ring_allreduce,4,0,14,success,ring,4,0.18062628942704867,0.001489650003350107,0.005431400000816211,0.00924,0.05115534416008612,0.5266114085808387,0.4857407654631641,708.6454602263012,1.5277358452820025,1.0,0,,,
worker_crash,ring_allreduce,ring_allreduce,4,0,15,success,ring,4,0.1794060881059338,0.001378174994897563,0.005179799991310574,0.00924,0.051503268911053134,0.4835146434516104,0.48019612150298463,713.4651970362339,1.5925932313158582,1.0,0,,,
worker_crash,ring_allreduce,ring_allreduce,4,0,16,success,ring,4,0.17897683286003988,0.0013849749993823934,0.005183200002647936,0.009655272215228532,0.053947050358070466,0.5837272895619425,0.4786511235670076,715.1763608427252,1.5833689666452213,1.0,0,,,
worker_crash,ring_allreduce,ring_allreduce,4,0,17,success,ring,4,0.18186784117216562,0.0013852499978384003,0.005227100002230145,0.00924,0.05080612350400603,0.5043211804885477,0.47081394869900767,703.8077714840663,1.6012773918474286,1.0,0,,,
worker_crash,ring_allreduce,ring_allreduce,4,0,18,failed,ring,3,,,,,,,,,,,0,ring failed after worker crash,18,
worker_crash,adaptive,ring_allreduce,2,0,0,success,ring,2,0.10773922371856491,0.0026702999966801144,0.005195499994442798,0.004280033608846656,0.03972586269998481,1.101804310101325,0.9604226355040404,594.0269271586736,0.9456615361406997,0.0,0,,,
worker_crash,adaptive,ring_allreduce,2,0,1,success,ring,2,0.11883465892439393,0.0028753500009770505,0.005647500001941808,0.004291079314287599,0.03610966155099337,0.9319967956551971,0.8593194966704268,538.5634172663268,0.9641087168722644,0.0,0,,,
worker_crash,adaptive,ring_allreduce,2,0,2,success,ring,2,0.11690377602149885,0.002813150000292808,0.005536700002267025,0.0041600000000000005,0.035584821479461605,0.8915993960974448,0.8085716014513079,547.4587919917169,0.9681495834642967,0.0,0,,,
worker_crash,adaptive,ring_allreduce,2,0,3,success,ring,2,0.11122378690922559,0.0026830999995581806,0.005272900001727976,0.0041600000000000005,0.03740207122596133,0.7610715218421156,0.7505410755833193,575.4164803994049,0.965226790515085,0.0,0,,,
worker_crash,adaptive,ring_allreduce,2,0,4,success,ring,2,0.11902507302437593,0.0028623999969568104,0.0056361000024480745,0.0041600000000000005,0.03495061917876788,0.7770595591844249,0.7133042190034047,537.7018335195057,0.969012020497184,0.0,0,,,
worker_crash,adaptive,ring_allreduce,2,0,5,success,ps,2,0.11047678434355582,0.0026387499892734922,0.005194899989874102,0.004636172094594184,0.04196512527172063,0.7016518436361976,0.6912770724324583,579.3072307479156,0.9686973036561447,0.0,1,cv=0.969 > 0.300,,
worker_crash,adaptive,async_ps_ssp,2,0,6,success,ps,2,0.009654250004767906,0.002738250004767906,0.0053884000080870464,0.01064,1.1021052898718455,0.7055208489150641,0.6803825277890302,6629.204751108846,0.96782616552061,0.0,0,,,
worker_crash,adaptive,async_ps_ssp,2,0,7,success,ps,2,0.009593158608641307,0.0026262000028509647,0.005157300009159371,0.010718397855062064,1.1172960119107347,0.705742179159582,0.665590575814838,6671.421021054547,0.9637879836253496,0.0,0,,,
worker_crash,adaptive,async_ps_ssp,2,0,8,success,ps,2,0.00955040000708215,0.0026344000070821494,0.0051894000062020496,0.01064,1.1140894613953187,0.6211264034313122,0.6534860987254071,6701.289993355301,0.9698603064384088,0.0,0,,,
worker_crash,adaptive,async_ps_ssp,2,0,9,success,ps,2,0.00977395000672806,0.0028579500067280605,0.005640900009893812,0.01064,1.0886079827168933,0.7088680612425441,0.6395837322025593,6548.017941154246,0.9737574120052819,0.0,0,,,
worker_crash,adaptive,async_ps_ssp,2,0,10,success,ps,2,0.009547436111308927,0.002628050002385862,0.005180100008146837,0.010645209398343175,1.1149809513502726,0.6152636757788317,0.633900158176301,6703.37033459612,0.9710812208569197,0.0,0,,,
worker_crash,adaptive,async_ps_ssp,2,0,11,success,ps,2,0.00976847626594081,0.002765949997410644,0.005433500002254732,0.010773117336200254,1.1028452179141048,0.570747729543053,0.6234456168711435,6551.687106324367,0.9644245219099775,0.0,0,,,
worker_crash,adaptive,async_ps_ssp,2,0,12,success,ps,2,0.009620400001675822,0.002704400001675822,0.005326500002411194,0.01064,1.1059831190123663,0.7022583540380467,0.6119119170872337,6652.530039172128,0.9695681105387446,0.0,0,,,
worker_crash,adaptive,async_ps_ssp,2,0,13,success,ps,2,0.009822923424758082,0.0027349000083631836,0.0053669000044465065,0.010904651409838305,1.110122815612488,0.6725925361706526,0.6018385858036327,6515.371975586401,0.9623752192301097,0.0,0,,,
worker_crash,adaptive,async_ps_ssp,2,0,14,success,ps,2,0.009644899999056012,0.0027288999990560114,0.0052866000041831285,0.01064,1.1031736981245408,0.6093271340808746,0.5910172005514822,6635.631266914531,0.9372641009471288,0.0,0,,,
worker_crash,adaptive,async_ps_ssp,2,0,15,success,ps,2,0.009780987438492457,0.0027043999943998642,0.005277599993860349,0.010887057606296296,1.1130836916783033,0.596182757380689,0.5814064383194075,6543.306634679036,0.9514864679180046,0.0,0,,,
worker_crash,adaptive,async_ps_ssp,2,0,16,success,ps,2,0.009847199996965006,0.002931199996965006,0.0056801000027917325,0.01064,1.0805101961247199,0.559160277240975,0.5749474469851958,6499.309450374255,0.9378070441236211,0.0,0,,,
worker_crash,adaptive,async_ps_ssp,2,0,17,success,ps,2,0.009839514859953226,0.0027498500057845376,0.005405900010373443,0.010907176698721058,1.1085075691194095,0.5167741513801339,0.5659849772997853,6504.385725406002,0.9658890477792589,0.0,0,,,
worker_crash,adaptive,async_ps_ssp,2,0,18,degraded,ps,1,0.00934956339553546,0.005213900003582239,0.005213900003582239,0.006362559064543416,0.6805193777905845,0.4821056207067681,0.5517896209284561,3422.619714550566,0.0,0.0,0,,18,19
worker_crash,adaptive,async_ps_ssp,2,0,19,degraded,ps,1,0.009472880469445891,0.005293199996231124,0.005293199996231124,0.006430277651099642,0.6788091195534505,0.6481090870256141,0.5404347492529463,3378.0643705168395,0.0,0.0,0,,18,19
worker_crash,adaptive,async_ps_ssp,2,0,20,degraded,ps,1,0.00939529999496136,0.005287299994961359,0.005287299994961359,0.00632,0.6726767642746242,0.6698225956394182,0.534304919674555,3405.958300124679,0.0,0.0,0,,18,19
worker_crash,adaptive,async_ps_ssp,2,0,21,degraded,ps,1,0.009366060304336041,0.005252100003417581,0.005252100003417581,0.006329169693720708,0.6757558128032342,0.5946224071617974,0.5229290412179626,3416.5912838705,0.0,0.0,0,,18,19
worker_crash,adaptive,async_ps_ssp,2,0,22,degraded,ps,1,0.009385999996906147,0.005277999996906146,0.005277999996906146,0.00632,0.6733432774433439,0.5351802347709039,0.5153980123050969,3409.3330503460447,0.0,0.0,0,,18,19
worker_crash,adaptive,async_ps_ssp,2,0,23,degraded,ps,1,0.009951400009325706,0.0058434000093257055,0.0058434000093257055,0.00632,0.6350865198944239,0.7336972801121071,0.5147699606869313,3215.627948832526,0.0,0.0,0,,18,19
worker_crash,adaptive,async_ps_ssp,2,0,24,degraded,ps,1,0.00932410000578221,0.005216100005782209,0.005216100005782209,0.00632,0.6778134078442681,0.5234058669034236,0.5044854380431673,3431.9666219962946,0.0,0.0,0,,18,19
worker_crash,adaptive,async_ps_ssp,2,0,25,degraded,ps,1,0.009663700001423248,0.005555700001423247,0.005555700001423247,0.00632,0.6539938117976763,0.5471948050791559,0.5044575158816202,3311.361072393298,0.0,0.0,0,,18,19
worker_crash,adaptive,async_ps_ssp,2,0,26,degraded,ps,1,0.009459628580568407,0.005205900000873953,0.005205900000873953,0.006544197814914544,0.6918028291678782,0.5403238045337931,0.49677980876977124,3382.796663468704,0.0,0.0,0,,18,19
worker_crash,adaptive,async_ps_ssp,2,0,27,degraded,ps,1,0.009291200002647937,0.005183200002647936,0.005183200002647936,0.00632,0.6802135351944676,0.4983892660062895,0.48926057112751853,3444.1191655416083,0.0,0.0,0,,18,19
worker_crash,adaptive,async_ps_ssp,2,0,28,degraded,ps,1,0.009392900005790406,0.005284900005790405,0.005284900005790405,0.00632,0.6728486405800055,0.5903230059889661,0.4834468545407106,3406.828559898762,0.0,0.0,0,,18,19
worker_crash,adaptive,async_ps_ssp,2,0,29,degraded,ps,1,0.009717300002106466,0.005609300002106465,0.005609300002106465,0.00632,0.6503864240714996,0.440733396343413,0.4784068689604471,3293.0958180835423,0.0,0.0,0,,18,19
worker_crash,adaptive,async_ps_ssp,2,0,30,degraded,ps,1,0.0095304858401738,0.0052460000006249174,0.0052460000006249174,0.0065915166762290514,0.6916244131483696,0.3958430753739089,0.4772935597890384,3357.64624559963,0.0,0.0,0,,18,19
worker_crash,adaptive,async_ps_ssp,2,0,31,degraded,ps,1,0.009722699999568984,0.005614699999568984,0.005614699999568984,0.00632,0.650025198790477,0.5240483892743584,0.47431792013729807,3291.266829318871,0.0,0.0,0,,18,19
worker_crash,adaptive,async_ps_ssp,2,0,32,degraded,ps,1,0.009772632069832816,0.005455400008941069,0.005455400008941069,0.0066418954782949974,0.6796424372506457,0.47003180345705586,0.4681517012166393,3274.4505033378828,0.0,0.0,0,,18,19
worker_crash,adaptive,async_ps_ssp,2,0,33,degraded,ps,1,0.009328699997153134,0.005220699997153133,0.005220699997153133,0.00632,0.677479177369697,0.5332295255005475,0.4710232372452143,3430.2743157959344,0.0,0.0,0,,18,19
worker_crash,adaptive,async_ps_ssp,2,0,34,degraded,ps,1,0.009593982370226104,0.005338100003427826,0.005338100003427826,0.006547511333535811,0.6824602215087773,0.5572069523807408,0.47009477047263776,3335.4240986838345,0.0,0.0,0,,18,19
worker_crash,adaptive,async_ps_ssp,2,0,35,degraded,ps,1,0.009444150399991042,0.005216599995037541,0.005216599995037541,0.006503923699928465,0.6886721858998173,0.6224883011478306,0.47026966474850485,3388.3407871215554,0.0,0.0,0,,18,19
worker_crash,adaptive,ring_allreduce,4,0,0,success,ring,4,0.1724806449442166,0.0014137500002107117,0.005162200002814643,0.00924,0.05357122825571753,1.0898529665216592,0.9624026399173988,742.1122528930567,1.5311150755028002,1.0,0,,,
worker_crash,adaptive,ring_allreduce,4,0,1,success,ring,4,0.1894238652925775,0.0014382250010385178,0.0054395000042859465,0.00924,0.0487794924136313,0.9565342079225585,0.8728831100647381,675.7332282407799,1.6062539309734827,1.0,0,,,
worker_crash,adaptive,ring_allreduce,4,0,2,success,ring,4,0.1847267068520449,0.0014118000035523437,0.005321400007233024,0.00924,0.050019838265187556,0.8759096490080289,0.8024811567862247,692.9155084354986,1.598877237320231,1.0,0,,,
worker_crash,adaptive,ring_allreduce,4,0,3,success,ring,4,0.18893878099897587,0.00147139999535284,0.005504099986865185,0.00924,0.048904729622713534,0.7845418386982178,0.7527115507451588,677.468115985642,1.5824083994458997,1.0,0,,,
worker_crash,adaptive,ring_allreduce,4,0,4,success,ring,4,0.1853535886292335,0.0014312749954115134,0.005370799990487285,0.009282444188491563,0.05007965724936366,0.7585760264256363,0.7114309551060588,690.5720085951018,1.5891519396793554,1.0,0,,,
worker_crash,adaptive,ring_allreduce,4,0,5,success,ps,4,0.17721982853394763,0.0014166250002745073,0.005232399998931214,0.00924,0.05213863525564814,0.7588540091351352,0.6879399522756681,722.2668087362513,1.5551890964782862,1.0,1,cv=1.555 > 0.300,,
worker_crash,adaptive,async_ps_ssp,4,0,6,success,ps,4,0.014047235820461192,0.0014456749959208537,0.005331299995305017,0.01938701665313898,1.3801303616544878,0.7411784263399699,0.6794941039458838,9112.112990482818,1.5518087688661732,1.0,0,,,
worker_crash,adaptive,async_ps_ssp,4,0,7,success,ps,4,0.013966149999113288,0.0014341499991132878,0.005254999996395782,0.01928,1.3804806622601138,0.6842438001225994,0.6715674576747607,9165.016844880423,1.5382038733115588,1.0,0,,,
worker_crash,adaptive,async_ps_ssp,4,0,8,success,ps,4,0.013975324999854667,0.0014433249998546671,0.005275000003166497,0.01928,1.3795743569613226,0.6591838122559426,0.6617413699573604,9158.999880241146,1.5327366375760227,1.0,0,,,
worker_crash,adaptive,async_ps_ssp,4,0,9,success,ps,4,0.014005524996981723,0.0014735249969817232,0.0053404999925987795,0.01928,1.376599592243415,0.6838526853309166,0.6526466764989166,9139.250404935538,1.5151693321790742,1.0,0,,,
worker_crash,adaptive,async_ps_ssp,4,0,10,success,ps,4,0.014038049997260561,0.0015060499972605612,0.005660299997543916,0.01928,1.3734101248935837,0.6736787154361867,0.6454433586577778,9118.0755179657,1.5926530138885804,1.0,0,,,
worker_crash,adaptive,async_ps_ssp,4,0,11,success,ps,4,0.013908099997287383,0.0013760999972873833,0.005186599999433383,0.01928,1.386242549576171,0.6243624387036567,0.6378453197993906,9203.270038679973,1.5987170317433017,1.0,0,,,
worker_crash,adaptive,async_ps_ssp,4,0,12,success,ps,4,0.013989667174013494,0.001379274999635527,0.005200600004172884,0.01940060334519687,1.3867809079285647,0.6330327664487427,0.63015407524671,9149.610094925374,1.5995843669754273,1.0,0,,,
worker_crash,adaptive,async_ps_ssp,4,0,13,success,ps,4,0.013952125001459382,0.0014201250014593825,0.005248900008155033,0.01928,1.3818683532424862,0.6555607089090173,0.6244385701354074,9174.229731070449,1.5567628058068088,1.0,0,,,
worker_crash,adaptive,async_ps_ssp,4,0,14,success,ps,4,0.014004745181748005,0.0014121999993221834,0.0051893000054406,0.019373146434501262,1.3833273067866845,0.661683842892778,0.6193278889545577,9139.759298642495,1.5444669870179766,1.0,0,,,
worker_crash,adaptive,async_ps_ssp,4,0,15,success,ps,4,0.01427857327593817,0.0014500999968731776,0.005431199999293312,0.019736112737023064,1.382218822260189,0.6303487403085792,0.6130287074375466,8964.481081292754,1.5850861148883773,1.0,0,,,
worker_crash,adaptive,async_ps_ssp,4,0,16,success,ps,4,0.013981495505076155,0.0013613000010082033,0.005171299999346957,0.01941568539087377,1.3886701450373935,0.6366460897772694,0.6071774512628358,9154.957704884146,1.6159363435299765,1.0,0,,,
worker_crash,adaptive,async_ps_ssp,4,0,17,success,ps,4,0.014198861495561411,0.0014370750068337657,0.005176400009077042,0.019633517674965607,1.3827529538972598,0.6173217177615169,0.6029416799681534,9014.807281556554,1.503753191694778,1.0,0,,,
worker_crash,adaptive,async_ps_ssp,4,0,18,degraded,ps,3,0.011638151840306423,0.0018372000098073233,0.005245200009085238,0.015078387431537076,1.2955998201807337,0.5755292561050793,0.5978857866137617,8248.73238614426,1.311735647132487,1.0,0,,18,19
worker_crash,adaptive,async_ps_ssp,4,0,19,degraded,ps,3,0.011629169809793734,0.0018716666624338056,0.005223699990892783,0.01501154330363066,1.2908525328255498,0.633662608161755,0.5939250272647786,8255.103465696384,1.2666363266028144,1.0,0,,18,19
worker_crash,adaptive,async_ps_ssp,4,0,20,degraded,ps,3,0.01164021895498627,0.0018286999984411523,0.00524339999537915,0.015094644548530949,1.2967663758648562,0.6060882287352797,0.5896531015632628,8247.267544643299,1.3204355707229825,1.0,0,,18,19
worker_crash,adaptive,async_ps_ssp,4,0,21,degraded,ps,3,0.011573357871240511,0.0018427666606536757,0.005276399999274872,0.014970140323979747,1.2935001656848573,0.5423944437806297,0.5853628079786621,8294.913288610685,1.3176089636884247,1.0,0,,18,19
worker_crash,adaptive,async_ps_ssp,4,0,22,degraded,ps,3,0.011699561708418864,0.0018821999983629212,0.0054099999979371205,0.015103633400086065,1.2909571979279935,0.6537339252259993,0.5818825556859987,8205.435587464746,1.325409504643001,1.0,0,,18,19
worker_crash,adaptive,async_ps_ssp,4,0,23,degraded,ps,3,0.011630733339031538,0.0019067333390315373,0.005519000013009645,0.01496,1.286247355512467,0.6213115544166398,0.5778113915985218,8253.993725213692,1.3396045183501166,1.0,0,,18,19
worker_crash,adaptive,async_ps_ssp,4,0,24,degraded,ps,3,0.011780420939273962,0.0019454333329728495,0.0056502999941585585,0.015130750163540173,1.2843980908268542,0.6505969648282824,0.5750325539041692,8149.11457704809,1.3466108910643888,1.0,0,,18,19
worker_crash,adaptive,async_ps_ssp,4,0,25,degraded,ps,3,0.011708722886873309,0.0019377333325489114,0.0055810999911045656,0.015032291622037536,1.2838540776202239,0.5916614770546117,0.5712413222714069,8199.015462875626,1.3295169570938745,1.0,0,,18,19
worker_crash,adaptive,async_ps_ssp,4,0,26,degraded,ps,3,0.011977131636314595,0.001987733334923784,0.005695400002878159,0.015368305079062786,1.2831373609075292,0.5804989095501298,0.5692018243578575,8015.274684710698,1.3190194471237833,1.0,0,,18,19
worker_crash,adaptive,async_ps_ssp,4,0,27,degraded,ps,3,0.011715976944252833,0.0018409333376136299,0.0052943000046070665,0.015192374779444929,1.2967228300067124,0.5279111732315361,0.56555035629009,8193.93896529405,1.3264492613109096,1.0,0,,18,19
worker_crash,adaptive,async_ps_ssp,4,0,28,degraded,ps,3,0.011811843479739863,0.0019264333338166277,0.005486399997607805,0.015208323301420364,1.2875486648215646,0.6104975672024354,0.5635251217676331,8127.435837146248,1.306847675735981,1.0,0,,18,19
worker_crash,adaptive,async_ps_ssp,4,0,29,degraded,ps,3,0.011549366668830005,0.0018253666688300048,0.005255900003248826,0.01496,1.2953091220469064,0.5918267683298132,0.5592629576228281,8312.144098696726,1.328933432787008,1.0,0,,18,19
worker_crash,adaptive,async_ps_ssp,4,0,30,degraded,ps,3,0.011542100000188375,0.0018181000001883756,0.005210399991483428,0.01496,1.2961246220146976,0.6633896536700318,0.55759326662827,8317.377253570252,1.3194415095708771,1.0,0,,18,19
worker_crash,adaptive,async_ps_ssp,4,0,31,degraded,ps,3,0.01155539999959773,0.0018313999995977308,0.005233999996562488,0.01496,1.294632812409851,0.5317992810997699,0.5553805924867196,8307.80414380653,1.3137546014832986,1.0,0,,18,19
worker_crash,adaptive,async_ps_ssp,4,0,32,degraded,ps,3,0.011623199996842071,0.0018991999968420714,0.005505900000571273,0.01496,1.2870810107426964,0.6202619015319875,0.552569591930708,8259.343384445112,1.342847966406139,1.0,0,,18,19
worker_crash,adaptive,async_ps_ssp,4,0,33,degraded,ps,3,0.011568933334117135,0.0018449333341171343,0.005322400000295602,0.01496,1.2931183513593691,0.5695453400297613,0.5504081225027374,8298.085677172423,1.3328085949131219,1.0,0,,18,19
worker_crash,adaptive,async_ps_ssp,4,0,34,degraded,ps,3,0.01154974375739224,0.0017954333355495085,0.005223000000114553,0.015006631418219585,1.299304273189162,0.5262806524746501,0.5476775847523814,8311.872714799983,1.3499002789857717,1.0,0,,18,19
worker_crash,adaptive,async_ps_ssp,4,0,35,degraded,ps,3,0.011845518232658905,0.001984266666113399,0.005715099992812611,0.015171156256223855,1.2807507411871553,0.48690235692769623,0.5447989367852435,8104.330947321614,1.329507572740764,1.0,0,,18,19
